social_agent,t,opinion
1,0,Opiniao_D
1,1,Opiniao_B
1,2,Opiniao_B
1,3,Opiniao_B
1,4,Opiniao_B
1,5,Opiniao_B
1,6,Opiniao_B
1,7,Opiniao_B
1,8,Opiniao_B
1,9,Opiniao_B
1,10,Opiniao_B
1,11,Opiniao_B
1,12,Opiniao_D
1,13,Opiniao_D
1,14,Opiniao_D
1,15,Opiniao_D
1,16,Opiniao_A
1,17,Opiniao_A
1,18,Opiniao_A
1,19,Opiniao_A
1,20,Opiniao_A
1,21,Opiniao_A
1,22,Opiniao_A
1,23,Opiniao_A
1,24,Opiniao_Falsa
1,25,Opiniao_Falsa
1,26,Opiniao_Falsa
1,27,Opiniao_Falsa
1,28,Opiniao_Falsa
1,29,Opiniao_Falsa
1,30,Opiniao_Falsa
1,31,Opiniao_A
1,32,Opiniao_A
1,33,Opiniao_D
1,34,Opiniao_A
1,35,Opiniao_A
1,36,Opiniao_A
1,37,Opiniao_Falsa
1,38,Opiniao_A
1,39,Opiniao_A
1,40,Opiniao_A
1,41,Opiniao_A
1,42,Opiniao_A
1,43,Opiniao_Falsa
1,44,Opiniao_Falsa
1,45,Opiniao_A
1,46,Opiniao_A
1,47,Opiniao_A
1,48,Opiniao_A
1,49,Opiniao_A
1,50,Opiniao_A
1,51,Opiniao_A
1,52,Opiniao_A
1,53,Opiniao_A
1,54,Opiniao_A
1,55,Opiniao_A
1,56,Opiniao_D
1,57,Opiniao_A
1,58,Opiniao_A
1,59,Opiniao_D
1,60,Opiniao_D
1,61,Opiniao_D
1,62,Opiniao_D
1,63,Opiniao_D
1,64,Opiniao_D
1,65,Opiniao_D
1,66,Opiniao_D
1,67,Opiniao_D
1,68,Opiniao_D
1,69,Opiniao_D
1,70,Opiniao_Falsa
1,71,Opiniao_Falsa
1,72,Opiniao_Falsa
1,73,Opiniao_A
1,74,Opiniao_A
1,75,Opiniao_A
1,76,Opiniao_D
1,77,Opiniao_D
1,78,Opiniao_D
1,79,Opiniao_D
1,80,Opiniao_D
1,81,Opiniao_D
1,82,Opiniao_D
1,83,Opiniao_D
1,84,Opiniao_A
1,85,Opiniao_A
1,86,Opiniao_A
1,87,Opiniao_A
1,88,Opiniao_Falsa
1,89,Opiniao_D
1,90,Opiniao_D
1,91,Opiniao_D
1,92,Opiniao_D
1,93,Opiniao_A
1,94,Opiniao_A
1,95,Opiniao_A
1,96,Opiniao_A
1,97,Opiniao_A
1,98,Opiniao_A
1,99,Opiniao_A
1,100,Opiniao_A
2,0,Opiniao_A
2,1,Opiniao_B
2,2,Opiniao_B
2,3,Opiniao_D
2,4,Opiniao_D
2,5,Opiniao_D
2,6,Opiniao_D
2,7,Opiniao_Falsa
2,8,Opiniao_B
2,9,Opiniao_A
2,10,Opiniao_B
2,11,Opiniao_A
2,12,Opiniao_A
2,13,Opiniao_A
2,14,Opiniao_A
2,15,Opiniao_A
2,16,Opiniao_A
2,17,Opiniao_A
2,18,Opiniao_Falsa
2,19,Opiniao_Falsa
2,20,Opiniao_Falsa
2,21,Opiniao_Falsa
2,22,Opiniao_Falsa
2,23,Opiniao_Falsa
2,24,Opiniao_A
2,25,Opiniao_Falsa
2,26,Opiniao_Falsa
2,27,Opiniao_Falsa
2,28,Opiniao_A
2,29,Opiniao_Falsa
2,30,Opiniao_A
2,31,Opiniao_A
2,32,Opiniao_A
2,33,Opiniao_A
2,34,Opiniao_A
2,35,Opiniao_A
2,36,Opiniao_A
2,37,Opiniao_A
2,38,Opiniao_A
2,39,Opiniao_A
2,40,Opiniao_A
2,41,Opiniao_A
2,42,Opiniao_Falsa
2,43,Opiniao_Falsa
2,44,Opiniao_Falsa
2,45,Opiniao_A
2,46,Opiniao_A
2,47,Opiniao_A
2,48,Opiniao_A
2,49,Opiniao_A
2,50,Opiniao_A
2,51,Opiniao_A
2,52,Opiniao_A
2,53,Opiniao_D
2,54,Opiniao_Falsa
2,55,Opiniao_Falsa
2,56,Opiniao_D
2,57,Opiniao_D
2,58,Opiniao_D
2,59,Opiniao_D
2,60,Opiniao_D
2,61,Opiniao_D
2,62,Opiniao_D
2,63,Opiniao_D
2,64,Opiniao_D
2,65,Opiniao_D
2,66,Opiniao_D
2,67,Opiniao_D
2,68,Opiniao_D
2,69,Opiniao_D
2,70,Opiniao_D
2,71,Opiniao_D
2,72,Opiniao_A
2,73,Opiniao_A
2,74,Opiniao_Falsa
2,75,Opiniao_Falsa
2,76,Opiniao_Falsa
2,77,Opiniao_A
2,78,Opiniao_A
2,79,Opiniao_A
2,80,Opiniao_A
2,81,Opiniao_D
2,82,Opiniao_A
2,83,Opiniao_A
2,84,Opiniao_A
2,85,Opiniao_D
2,86,Opiniao_D
2,87,Opiniao_D
2,88,Opiniao_D
2,89,Opiniao_D
2,90,Opiniao_D
2,91,Opiniao_A
2,92,Opiniao_A
2,93,Opiniao_D
2,94,Opiniao_A
2,95,Opiniao_A
2,96,Opiniao_A
2,97,Opiniao_A
2,98,Opiniao_A
2,99,Opiniao_Falsa
2,100,Opiniao_A
3,0,Opiniao_B
3,1,Opiniao_B
3,2,Opiniao_Falsa
3,3,Opiniao_Falsa
3,4,Opiniao_Falsa
3,5,Opiniao_Falsa
3,6,Opiniao_A
3,7,Opiniao_A
3,8,Opiniao_Falsa
3,9,Opiniao_Falsa
3,10,Opiniao_Falsa
3,11,Opiniao_Falsa
3,12,Opiniao_Falsa
3,13,Opiniao_Falsa
3,14,Opiniao_D
3,15,Opiniao_Falsa
3,16,Opiniao_D
3,17,Opiniao_D
3,18,Opiniao_Falsa
3,19,Opiniao_D
3,20,Opiniao_D
3,21,Opiniao_D
3,22,Opiniao_D
3,23,Opiniao_D
3,24,Opiniao_D
3,25,Opiniao_D
3,26,Opiniao_D
3,27,Opiniao_D
3,28,Opiniao_D
3,29,Opiniao_A
3,30,Opiniao_A
3,31,Opiniao_A
3,32,Opiniao_A
3,33,Opiniao_A
3,34,Opiniao_A
3,35,Opiniao_A
3,36,Opiniao_A
3,37,Opiniao_A
3,38,Opiniao_A
3,39,Opiniao_A
3,40,Opiniao_A
3,41,Opiniao_A
3,42,Opiniao_A
3,43,Opiniao_A
3,44,Opiniao_D
3,45,Opiniao_D
3,46,Opiniao_D
3,47,Opiniao_D
3,48,Opiniao_D
3,49,Opiniao_D
3,50,Opiniao_D
3,51,Opiniao_D
3,52,Opiniao_D
3,53,Opiniao_D
3,54,Opiniao_D
3,55,Opiniao_D
3,56,Opiniao_D
3,57,Opiniao_D
3,58,Opiniao_D
3,59,Opiniao_D
3,60,Opiniao_D
3,61,Opiniao_D
3,62,Opiniao_D
3,63,Opiniao_D
3,64,Opiniao_D
3,65,Opiniao_D
3,66,Opiniao_D
3,67,Opiniao_Falsa
3,68,Opiniao_Falsa
3,69,Opiniao_Falsa
3,70,Opiniao_D
3,71,Opiniao_D
3,72,Opiniao_D
3,73,Opiniao_D
3,74,Opiniao_D
3,75,Opiniao_D
3,76,Opiniao_D
3,77,Opiniao_D
3,78,Opiniao_D
3,79,Opiniao_Falsa
3,80,Opiniao_Falsa
3,81,Opiniao_Falsa
3,82,Opiniao_Falsa
3,83,Opiniao_Falsa
3,84,Opiniao_Falsa
3,85,Opiniao_Falsa
3,86,Opiniao_D
3,87,Opiniao_D
3,88,Opiniao_D
3,89,Opiniao_D
3,90,Opiniao_D
3,91,Opiniao_D
3,92,Opiniao_D
3,93,Opiniao_D
3,94,Opiniao_D
3,95,Opiniao_D
3,96,Opiniao_D
3,97,Opiniao_D
3,98,Opiniao_A
3,99,Opiniao_D
3,100,Opiniao_D
4,0,Opiniao_D
4,1,Opiniao_A
4,2,Opiniao_A
4,3,Opiniao_A
4,4,Opiniao_A
4,5,Opiniao_A
4,6,Opiniao_A
4,7,Opiniao_A
4,8,Opiniao_A
4,9,Opiniao_A
4,10,Opiniao_A
4,11,Opiniao_A
4,12,Opiniao_A
4,13,Opiniao_A
4,14,Opiniao_A
4,15,Opiniao_A
4,16,Opiniao_A
4,17,Opiniao_A
4,18,Opiniao_A
4,19,Opiniao_A
4,20,Opiniao_A
4,21,Opiniao_A
4,22,Opiniao_A
4,23,Opiniao_A
4,24,Opiniao_Falsa
4,25,Opiniao_Falsa
4,26,Opiniao_Falsa
4,27,Opiniao_D
4,28,Opiniao_D
4,29,Opiniao_D
4,30,Opiniao_D
4,31,Opiniao_D
4,32,Opiniao_D
4,33,Opiniao_D
4,34,Opiniao_D
4,35,Opiniao_A
4,36,Opiniao_A
4,37,Opiniao_A
4,38,Opiniao_Falsa
4,39,Opiniao_Falsa
4,40,Opiniao_Falsa
4,41,Opiniao_D
4,42,Opiniao_D
4,43,Opiniao_D
4,44,Opiniao_D
4,45,Opiniao_D
4,46,Opiniao_A
4,47,Opiniao_A
4,48,Opiniao_A
4,49,Opiniao_A
4,50,Opiniao_A
4,51,Opiniao_A
4,52,Opiniao_A
4,53,Opiniao_A
4,54,Opiniao_A
4,55,Opiniao_A
4,56,Opiniao_A
4,57,Opiniao_A
4,58,Opiniao_A
4,59,Opiniao_A
4,60,Opiniao_A
4,61,Opiniao_Falsa
4,62,Opiniao_Falsa
4,63,Opiniao_Falsa
4,64,Opiniao_Falsa
4,65,Opiniao_D
4,66,Opiniao_D
4,67,Opiniao_D
4,68,Opiniao_D
4,69,Opiniao_D
4,70,Opiniao_D
4,71,Opiniao_D
4,72,Opiniao_Falsa
4,73,Opiniao_A
4,74,Opiniao_A
4,75,Opiniao_A
4,76,Opiniao_A
4,77,Opiniao_A
4,78,Opiniao_A
4,79,Opiniao_A
4,80,Opiniao_A
4,81,Opiniao_A
4,82,Opiniao_A
4,83,Opiniao_A
4,84,Opiniao_A
4,85,Opiniao_A
4,86,Opiniao_A
4,87,Opiniao_A
4,88,Opiniao_A
4,89,Opiniao_A
4,90,Opiniao_Falsa
4,91,Opiniao_A
4,92,Opiniao_A
4,93,Opiniao_A
4,94,Opiniao_A
4,95,Opiniao_A
4,96,Opiniao_Falsa
4,97,Opiniao_Falsa
4,98,Opiniao_A
4,99,Opiniao_A
4,100,Opiniao_A
5,0,Opiniao_B
5,1,Opiniao_B
5,2,Opiniao_B
5,3,Opiniao_B
5,4,Opiniao_B
5,5,Opiniao_B
5,6,Opiniao_A
5,7,Opiniao_A
5,8,Opiniao_A
5,9,Opiniao_A
5,10,Opiniao_A
5,11,Opiniao_A
5,12,Opiniao_A
5,13,Opiniao_A
5,14,Opiniao_A
5,15,Opiniao_A
5,16,Opiniao_D
5,17,Opiniao_D
5,18,Opiniao_D
5,19,Opiniao_D
5,20,Opiniao_D
5,21,Opiniao_D
5,22,Opiniao_D
5,23,Opiniao_D
5,24,Opiniao_D
5,25,Opiniao_D
5,26,Opiniao_D
5,27,Opiniao_D
5,28,Opiniao_D
5,29,Opiniao_D
5,30,Opiniao_D
5,31,Opiniao_D
5,32,Opiniao_D
5,33,Opiniao_D
5,34,Opiniao_Falsa
5,35,Opiniao_Falsa
5,36,Opiniao_Falsa
5,37,Opiniao_Falsa
5,38,Opiniao_D
5,39,Opiniao_D
5,40,Opiniao_D
5,41,Opiniao_D
5,42,Opiniao_D
5,43,Opiniao_D
5,44,Opiniao_D
5,45,Opiniao_D
5,46,Opiniao_D
5,47,Opiniao_D
5,48,Opiniao_D
5,49,Opiniao_D
5,50,Opiniao_D
5,51,Opiniao_D
5,52,Opiniao_D
5,53,Opiniao_D
5,54,Opiniao_D
5,55,Opiniao_D
5,56,Opiniao_D
5,57,Opiniao_D
5,58,Opiniao_D
5,59,Opiniao_D
5,60,Opiniao_A
5,61,Opiniao_A
5,62,Opiniao_A
5,63,Opiniao_A
5,64,Opiniao_A
5,65,Opiniao_A
5,66,Opiniao_A
5,67,Opiniao_A
5,68,Opiniao_A
5,69,Opiniao_A
5,70,Opiniao_A
5,71,Opiniao_Falsa
5,72,Opiniao_A
5,73,Opiniao_A
5,74,Opiniao_A
5,75,Opiniao_A
5,76,Opiniao_A
5,77,Opiniao_A
5,78,Opiniao_A
5,79,Opiniao_A
5,80,Opiniao_A
5,81,Opiniao_A
5,82,Opiniao_A
5,83,Opiniao_A
5,84,Opiniao_A
5,85,Opiniao_A
5,86,Opiniao_A
5,87,Opiniao_A
5,88,Opiniao_A
5,89,Opiniao_A
5,90,Opiniao_A
5,91,Opiniao_A
5,92,Opiniao_A
5,93,Opiniao_A
5,94,Opiniao_A
5,95,Opiniao_A
5,96,Opiniao_A
5,97,Opiniao_A
5,98,Opiniao_A
5,99,Opiniao_A
5,100,Opiniao_A
6,0,Opiniao_Falsa
6,1,Opiniao_Falsa
6,2,Opiniao_Falsa
6,3,Opiniao_Falsa
6,4,Opiniao_Falsa
6,5,Opiniao_Falsa
6,6,Opiniao_Falsa
6,7,Opiniao_Falsa
6,8,Opiniao_Falsa
6,9,Opiniao_Falsa
6,10,Opiniao_Falsa
6,11,Opiniao_Falsa
6,12,Opiniao_Falsa
6,13,Opiniao_Falsa
6,14,Opiniao_Falsa
6,15,Opiniao_Falsa
6,16,Opiniao_Falsa
6,17,Opiniao_Falsa
6,18,Opiniao_Falsa
6,19,Opiniao_Falsa
6,20,Opiniao_Falsa
6,21,Opiniao_Falsa
6,22,Opiniao_Falsa
6,23,Opiniao_Falsa
6,24,Opiniao_Falsa
6,25,Opiniao_Falsa
6,26,Opiniao_Falsa
6,27,Opiniao_Falsa
6,28,Opiniao_Falsa
6,29,Opiniao_Falsa
6,30,Opiniao_Falsa
6,31,Opiniao_Falsa
6,32,Opiniao_Falsa
6,33,Opiniao_Falsa
6,34,Opiniao_Falsa
6,35,Opiniao_Falsa
6,36,Opiniao_Falsa
6,37,Opiniao_Falsa
6,38,Opiniao_Falsa
6,39,Opiniao_Falsa
6,40,Opiniao_Falsa
6,41,Opiniao_Falsa
6,42,Opiniao_Falsa
6,43,Opiniao_Falsa
6,44,Opiniao_Falsa
6,45,Opiniao_Falsa
6,46,Opiniao_Falsa
6,47,Opiniao_Falsa
6,48,Opiniao_Falsa
6,49,Opiniao_Falsa
6,50,Opiniao_Falsa
6,51,Opiniao_Falsa
6,52,Opiniao_Falsa
6,53,Opiniao_Falsa
6,54,Opiniao_Falsa
6,55,Opiniao_Falsa
6,56,Opiniao_Falsa
6,57,Opiniao_Falsa
6,58,Opiniao_Falsa
6,59,Opiniao_Falsa
6,60,Opiniao_Falsa
6,61,Opiniao_Falsa
6,62,Opiniao_Falsa
6,63,Opiniao_Falsa
6,64,Opiniao_Falsa
6,65,Opiniao_Falsa
6,66,Opiniao_Falsa
6,67,Opiniao_Falsa
6,68,Opiniao_Falsa
6,69,Opiniao_Falsa
6,70,Opiniao_Falsa
6,71,Opiniao_Falsa
6,72,Opiniao_Falsa
6,73,Opiniao_Falsa
6,74,Opiniao_Falsa
6,75,Opiniao_Falsa
6,76,Opiniao_Falsa
6,77,Opiniao_Falsa
6,78,Opiniao_Falsa
6,79,Opiniao_Falsa
6,80,Opiniao_Falsa
6,81,Opiniao_Falsa
6,82,Opiniao_Falsa
6,83,Opiniao_Falsa
6,84,Opiniao_Falsa
6,85,Opiniao_Falsa
6,86,Opiniao_Falsa
6,87,Opiniao_Falsa
6,88,Opiniao_Falsa
6,89,Opiniao_Falsa
6,90,Opiniao_Falsa
6,91,Opiniao_Falsa
6,92,Opiniao_Falsa
6,93,Opiniao_Falsa
6,94,Opiniao_Falsa
6,95,Opiniao_Falsa
6,96,Opiniao_Falsa
6,97,Opiniao_Falsa
6,98,Opiniao_Falsa
6,99,Opiniao_Falsa
6,100,Opiniao_Falsa
7,0,Opiniao_D
7,1,Opiniao_A
7,2,Opiniao_A
7,3,Opiniao_B
7,4,Opiniao_B
7,5,Opiniao_B
7,6,Opiniao_B
7,7,Opiniao_B
7,8,Opiniao_A
7,9,Opiniao_D
7,10,Opiniao_D
7,11,Opiniao_D
7,12,Opiniao_D
7,13,Opiniao_D
7,14,Opiniao_D
7,15,Opiniao_D
7,16,Opiniao_A
7,17,Opiniao_A
7,18,Opiniao_A
7,19,Opiniao_A
7,20,Opiniao_A
7,21,Opiniao_A
7,22,Opiniao_A
7,23,Opiniao_A
7,24,Opiniao_D
7,25,Opiniao_A
7,26,Opiniao_D
7,27,Opiniao_D
7,28,Opiniao_A
7,29,Opiniao_A
7,30,Opiniao_A
7,31,Opiniao_A
7,32,Opiniao_A
7,33,Opiniao_D
7,34,Opiniao_A
7,35,Opiniao_A
7,36,Opiniao_A
7,37,Opiniao_D
7,38,Opiniao_D
7,39,Opiniao_D
7,40,Opiniao_D
7,41,Opiniao_D
7,42,Opiniao_D
7,43,Opiniao_D
7,44,Opiniao_D
7,45,Opiniao_D
7,46,Opiniao_D
7,47,Opiniao_D
7,48,Opiniao_D
7,49,Opiniao_D
7,50,Opiniao_D
7,51,Opiniao_D
7,52,Opiniao_D
7,53,Opiniao_D
7,54,Opiniao_D
7,55,Opiniao_D
7,56,Opiniao_D
7,57,Opiniao_D
7,58,Opiniao_D
7,59,Opiniao_D
7,60,Opiniao_D
7,61,Opiniao_D
7,62,Opiniao_D
7,63,Opiniao_D
7,64,Opiniao_D
7,65,Opiniao_D
7,66,Opiniao_D
7,67,Opiniao_D
7,68,Opiniao_A
7,69,Opiniao_D
7,70,Opiniao_D
7,71,Opiniao_D
7,72,Opiniao_A
7,73,Opiniao_A
7,74,Opiniao_A
7,75,Opiniao_A
7,76,Opiniao_A
7,77,Opiniao_A
7,78,Opiniao_D
7,79,Opiniao_D
7,80,Opiniao_A
7,81,Opiniao_A
7,82,Opiniao_A
7,83,Opiniao_A
7,84,Opiniao_A
7,85,Opiniao_A
7,86,Opiniao_A
7,87,Opiniao_D
7,88,Opiniao_A
7,89,Opiniao_A
7,90,Opiniao_A
7,91,Opiniao_D
7,92,Opiniao_D
7,93,Opiniao_A
7,94,Opiniao_A
7,95,Opiniao_A
7,96,Opiniao_A
7,97,Opiniao_A
7,98,Opiniao_A
7,99,Opiniao_A
7,100,Opiniao_D
8,0,Opiniao_D
8,1,Opiniao_B
8,2,Opiniao_D
8,3,Opiniao_D
8,4,Opiniao_D
8,5,Opiniao_D
8,6,Opiniao_D
8,7,Opiniao_D
8,8,Opiniao_D
8,9,Opiniao_D
8,10,Opiniao_D
8,11,Opiniao_D
8,12,Opiniao_D
8,13,Opiniao_D
8,14,Opiniao_D
8,15,Opiniao_A
8,16,Opiniao_A
8,17,Opiniao_Falsa
8,18,Opiniao_D
8,19,Opiniao_D
8,20,Opiniao_A
8,21,Opiniao_D
8,22,Opiniao_D
8,23,Opiniao_D
8,24,Opiniao_D
8,25,Opiniao_Falsa
8,26,Opiniao_D
8,27,Opiniao_D
8,28,Opiniao_Falsa
8,29,Opiniao_D
8,30,Opiniao_D
8,31,Opiniao_A
8,32,Opiniao_A
8,33,Opiniao_A
8,34,Opiniao_D
8,35,Opiniao_A
8,36,Opiniao_A
8,37,Opiniao_D
8,38,Opiniao_A
8,39,Opiniao_A
8,40,Opiniao_A
8,41,Opiniao_Falsa
8,42,Opiniao_A
8,43,Opiniao_A
8,44,Opiniao_A
8,45,Opiniao_A
8,46,Opiniao_A
8,47,Opiniao_A
8,48,Opiniao_A
8,49,Opiniao_A
8,50,Opiniao_A
8,51,Opiniao_D
8,52,Opiniao_D
8,53,Opiniao_D
8,54,Opiniao_Falsa
8,55,Opiniao_A
8,56,Opiniao_Falsa
8,57,Opiniao_A
8,58,Opiniao_A
8,59,Opiniao_A
8,60,Opiniao_D
8,61,Opiniao_A
8,62,Opiniao_A
8,63,Opiniao_D
8,64,Opiniao_D
8,65,Opiniao_D
8,66,Opiniao_A
8,67,Opiniao_A
8,68,Opiniao_A
8,69,Opiniao_Falsa
8,70,Opiniao_Falsa
8,71,Opiniao_D
8,72,Opiniao_A
8,73,Opiniao_A
8,74,Opiniao_D
8,75,Opiniao_A
8,76,Opiniao_A
8,77,Opiniao_D
8,78,Opiniao_A
8,79,Opiniao_A
8,80,Opiniao_D
8,81,Opiniao_A
8,82,Opiniao_A
8,83,Opiniao_A
8,84,Opiniao_A
8,85,Opiniao_A
8,86,Opiniao_Falsa
8,87,Opiniao_A
8,88,Opiniao_D
8,89,Opiniao_D
8,90,Opiniao_A
8,91,Opiniao_A
8,92,Opiniao_A
8,93,Opiniao_A
8,94,Opiniao_D
8,95,Opiniao_A
8,96,Opiniao_A
8,97,Opiniao_A
8,98,Opiniao_D
8,99,Opiniao_A
8,100,Opiniao_A
9,0,Opiniao_A
9,1,Opiniao_B
9,2,Opiniao_B
9,3,Opiniao_D
9,4,Opiniao_D
9,5,Opiniao_D
9,6,Opiniao_D
9,7,Opiniao_D
9,8,Opiniao_D
9,9,Opiniao_D
9,10,Opiniao_D
9,11,Opiniao_D
9,12,Opiniao_D
9,13,Opiniao_D
9,14,Opiniao_D
9,15,Opiniao_D
9,16,Opiniao_D
9,17,Opiniao_D
9,18,Opiniao_A
9,19,Opiniao_A
9,20,Opiniao_A
9,21,Opiniao_D
9,22,Opiniao_D
9,23,Opiniao_D
9,24,Opiniao_D
9,25,Opiniao_D
9,26,Opiniao_D
9,27,Opiniao_Falsa
9,28,Opiniao_D
9,29,Opiniao_Falsa
9,30,Opiniao_D
9,31,Opiniao_D
9,32,Opiniao_D
9,33,Opiniao_D
9,34,Opiniao_D
9,35,Opiniao_D
9,36,Opiniao_D
9,37,Opiniao_D
9,38,Opiniao_D
9,39,Opiniao_D
9,40,Opiniao_D
9,41,Opiniao_A
9,42,Opiniao_A
9,43,Opiniao_Falsa
9,44,Opiniao_A
9,45,Opiniao_A
9,46,Opiniao_A
9,47,Opiniao_A
9,48,Opiniao_A
9,49,Opiniao_A
9,50,Opiniao_D
9,51,Opiniao_Falsa
9,52,Opiniao_A
9,53,Opiniao_A
9,54,Opiniao_Falsa
9,55,Opiniao_Falsa
9,56,Opiniao_A
9,57,Opiniao_A
9,58,Opiniao_D
9,59,Opiniao_D
9,60,Opiniao_D
9,61,Opiniao_D
9,62,Opiniao_A
9,63,Opiniao_A
9,64,Opiniao_D
9,65,Opiniao_D
9,66,Opiniao_D
9,67,Opiniao_D
9,68,Opiniao_Falsa
9,69,Opiniao_Falsa
9,70,Opiniao_D
9,71,Opiniao_D
9,72,Opiniao_D
9,73,Opiniao_D
9,74,Opiniao_Falsa
9,75,Opiniao_D
9,76,Opiniao_D
9,77,Opiniao_D
9,78,Opiniao_D
9,79,Opiniao_A
9,80,Opiniao_A
9,81,Opiniao_A
9,82,Opiniao_A
9,83,Opiniao_A
9,84,Opiniao_A
9,85,Opiniao_A
9,86,Opiniao_A
9,87,Opiniao_Falsa
9,88,Opiniao_A
9,89,Opiniao_A
9,90,Opiniao_A
9,91,Opiniao_A
9,92,Opiniao_A
9,93,Opiniao_A
9,94,Opiniao_A
9,95,Opiniao_Falsa
9,96,Opiniao_A
9,97,Opiniao_Falsa
9,98,Opiniao_D
9,99,Opiniao_A
9,100,Opiniao_A
10,0,Opiniao_C
10,1,Opiniao_A
10,2,Opiniao_D
10,3,Opiniao_D
10,4,Opiniao_D
10,5,Opiniao_D
10,6,Opiniao_D
10,7,Opiniao_D
10,8,Opiniao_A
10,9,Opiniao_D
10,10,Opiniao_D
10,11,Opiniao_Falsa
10,12,Opiniao_Falsa
10,13,Opiniao_Falsa
10,14,Opiniao_A
10,15,Opiniao_A
10,16,Opiniao_A
10,17,Opiniao_Falsa
10,18,Opiniao_Falsa
10,19,Opiniao_Falsa
10,20,Opiniao_A
10,21,Opiniao_A
10,22,Opiniao_D
10,23,Opiniao_Falsa
10,24,Opiniao_A
10,25,Opiniao_D
10,26,Opiniao_Falsa
10,27,Opiniao_D
10,28,Opiniao_D
10,29,Opiniao_D
10,30,Opiniao_B
10,31,Opiniao_A
10,32,Opiniao_D
10,33,Opiniao_D
10,34,Opiniao_B
10,35,Opiniao_A
10,36,Opiniao_D
10,37,Opiniao_D
10,38,Opiniao_A
10,39,Opiniao_A
10,40,Opiniao_D
10,41,Opiniao_D
10,42,Opiniao_A
10,43,Opiniao_A
10,44,Opiniao_A
10,45,Opiniao_A
10,46,Opiniao_D
10,47,Opiniao_D
10,48,Opiniao_D
10,49,Opiniao_A
10,50,Opiniao_D
10,51,Opiniao_D
10,52,Opiniao_D
10,53,Opiniao_D
10,54,Opiniao_D
10,55,Opiniao_D
10,56,Opiniao_D
10,57,Opiniao_A
10,58,Opiniao_D
10,59,Opiniao_D
10,60,Opiniao_D
10,61,Opiniao_D
10,62,Opiniao_D
10,63,Opiniao_D
10,64,Opiniao_D
10,65,Opiniao_A
10,66,Opiniao_A
10,67,Opiniao_A
10,68,Opiniao_A
10,69,Opiniao_A
10,70,Opiniao_A
10,71,Opiniao_A
10,72,Opiniao_A
10,73,Opiniao_A
10,74,Opiniao_A
10,75,Opiniao_A
10,76,Opiniao_A
10,77,Opiniao_A
10,78,Opiniao_A
10,79,Opiniao_A
10,80,Opiniao_Falsa
10,81,Opiniao_A
10,82,Opiniao_A
10,83,Opiniao_A
10,84,Opiniao_A
10,85,Opiniao_A
10,86,Opiniao_A
10,87,Opiniao_A
10,88,Opiniao_A
10,89,Opiniao_A
10,90,Opiniao_A
10,91,Opiniao_A
10,92,Opiniao_A
10,93,Opiniao_A
10,94,Opiniao_A
10,95,Opiniao_A
10,96,Opiniao_D
10,97,Opiniao_D
10,98,Opiniao_A
10,99,Opiniao_D
10,100,Opiniao_Falsa
11,0,Opiniao_B
11,1,Opiniao_Falsa
11,2,Opiniao_Falsa
11,3,Opiniao_A
11,4,Opiniao_A
11,5,Opiniao_A
11,6,Opiniao_Falsa
11,7,Opiniao_Falsa
11,8,Opiniao_D
11,9,Opiniao_Falsa
11,10,Opiniao_D
11,11,Opiniao_D
11,12,Opiniao_D
11,13,Opiniao_D
11,14,Opiniao_D
11,15,Opiniao_D
11,16,Opiniao_D
11,17,Opiniao_D
11,18,Opiniao_D
11,19,Opiniao_D
11,20,Opiniao_A
11,21,Opiniao_A
11,22,Opiniao_A
11,23,Opiniao_A
11,24,Opiniao_A
11,25,Opiniao_A
11,26,Opiniao_D
11,27,Opiniao_D
11,28,Opiniao_D
11,29,Opiniao_D
11,30,Opiniao_D
11,31,Opiniao_D
11,32,Opiniao_D
11,33,Opiniao_A
11,34,Opiniao_D
11,35,Opiniao_D
11,36,Opiniao_D
11,37,Opiniao_D
11,38,Opiniao_D
11,39,Opiniao_D
11,40,Opiniao_D
11,41,Opiniao_D
11,42,Opiniao_D
11,43,Opiniao_D
11,44,Opiniao_D
11,45,Opiniao_D
11,46,Opiniao_A
11,47,Opiniao_D
11,48,Opiniao_D
11,49,Opiniao_D
11,50,Opiniao_D
11,51,Opiniao_D
11,52,Opiniao_D
11,53,Opiniao_D
11,54,Opiniao_D
11,55,Opiniao_D
11,56,Opiniao_D
11,57,Opiniao_D
11,58,Opiniao_D
11,59,Opiniao_D
11,60,Opiniao_A
11,61,Opiniao_Falsa
11,62,Opiniao_D
11,63,Opiniao_D
11,64,Opiniao_D
11,65,Opiniao_D
11,66,Opiniao_D
11,67,Opiniao_A
11,68,Opiniao_A
11,69,Opiniao_A
11,70,Opiniao_D
11,71,Opiniao_D
11,72,Opiniao_A
11,73,Opiniao_A
11,74,Opiniao_A
11,75,Opiniao_A
11,76,Opiniao_Falsa
11,77,Opiniao_Falsa
11,78,Opiniao_A
11,79,Opiniao_A
11,80,Opiniao_A
11,81,Opiniao_A
11,82,Opiniao_A
11,83,Opiniao_Falsa
11,84,Opiniao_Falsa
11,85,Opiniao_A
11,86,Opiniao_A
11,87,Opiniao_A
11,88,Opiniao_A
11,89,Opiniao_D
11,90,Opiniao_D
11,91,Opiniao_D
11,92,Opiniao_D
11,93,Opiniao_D
11,94,Opiniao_A
11,95,Opiniao_A
11,96,Opiniao_A
11,97,Opiniao_Falsa
11,98,Opiniao_Falsa
11,99,Opiniao_A
11,100,Opiniao_A
12,0,Opiniao_B
12,1,Opiniao_D
12,2,Opiniao_D
12,3,Opiniao_D
12,4,Opiniao_D
12,5,Opiniao_D
12,6,Opiniao_D
12,7,Opiniao_D
12,8,Opiniao_D
12,9,Opiniao_D
12,10,Opiniao_D
12,11,Opiniao_D
12,12,Opiniao_D
12,13,Opiniao_D
12,14,Opiniao_D
12,15,Opiniao_D
12,16,Opiniao_D
12,17,Opiniao_D
12,18,Opiniao_D
12,19,Opiniao_D
12,20,Opiniao_D
12,21,Opiniao_D
12,22,Opiniao_D
12,23,Opiniao_D
12,24,Opiniao_D
12,25,Opiniao_D
12,26,Opiniao_D
12,27,Opiniao_Falsa
12,28,Opiniao_D
12,29,Opiniao_D
12,30,Opiniao_D
12,31,Opiniao_D
12,32,Opiniao_D
12,33,Opiniao_D
12,34,Opiniao_D
12,35,Opiniao_A
12,36,Opiniao_A
12,37,Opiniao_A
12,38,Opiniao_Falsa
12,39,Opiniao_A
12,40,Opiniao_A
12,41,Opiniao_A
12,42,Opiniao_A
12,43,Opiniao_A
12,44,Opiniao_A
12,45,Opiniao_A
12,46,Opiniao_A
12,47,Opiniao_A
12,48,Opiniao_D
12,49,Opiniao_D
12,50,Opiniao_D
12,51,Opiniao_D
12,52,Opiniao_D
12,53,Opiniao_D
12,54,Opiniao_D
12,55,Opiniao_D
12,56,Opiniao_D
12,57,Opiniao_D
12,58,Opiniao_D
12,59,Opiniao_A
12,60,Opiniao_A
12,61,Opiniao_A
12,62,Opiniao_A
12,63,Opiniao_A
12,64,Opiniao_A
12,65,Opiniao_D
12,66,Opiniao_D
12,67,Opiniao_D
12,68,Opiniao_D
12,69,Opiniao_D
12,70,Opiniao_D
12,71,Opiniao_D
12,72,Opiniao_D
12,73,Opiniao_D
12,74,Opiniao_D
12,75,Opiniao_A
12,76,Opiniao_A
12,77,Opiniao_Falsa
12,78,Opiniao_Falsa
12,79,Opiniao_A
12,80,Opiniao_A
12,81,Opiniao_A
12,82,Opiniao_A
12,83,Opiniao_A
12,84,Opiniao_D
12,85,Opiniao_D
12,86,Opiniao_A
12,87,Opiniao_Falsa
12,88,Opiniao_Falsa
12,89,Opiniao_A
12,90,Opiniao_A
12,91,Opiniao_A
12,92,Opiniao_Falsa
12,93,Opiniao_Falsa
12,94,Opiniao_Falsa
12,95,Opiniao_D
12,96,Opiniao_D
12,97,Opiniao_D
12,98,Opiniao_D
12,99,Opiniao_D
12,100,Opiniao_D
13,0,Opiniao_B
13,1,Opiniao_B
13,2,Opiniao_B
13,3,Opiniao_B
13,4,Opiniao_B
13,5,Opiniao_B
13,6,Opiniao_B
13,7,Opiniao_B
13,8,Opiniao_B
13,9,Opiniao_B
13,10,Opiniao_B
13,11,Opiniao_B
13,12,Opiniao_B
13,13,Opiniao_B
13,14,Opiniao_B
13,15,Opiniao_B
13,16,Opiniao_B
13,17,Opiniao_B
13,18,Opiniao_A
13,19,Opiniao_A
13,20,Opiniao_A
13,21,Opiniao_A
13,22,Opiniao_A
13,23,Opiniao_A
13,24,Opiniao_A
13,25,Opiniao_A
13,26,Opiniao_A
13,27,Opiniao_A
13,28,Opiniao_A
13,29,Opiniao_A
13,30,Opiniao_A
13,31,Opiniao_D
13,32,Opiniao_D
13,33,Opiniao_D
13,34,Opiniao_D
13,35,Opiniao_D
13,36,Opiniao_D
13,37,Opiniao_D
13,38,Opiniao_D
13,39,Opiniao_A
13,40,Opiniao_A
13,41,Opiniao_A
13,42,Opiniao_A
13,43,Opiniao_A
13,44,Opiniao_A
13,45,Opiniao_A
13,46,Opiniao_A
13,47,Opiniao_A
13,48,Opiniao_A
13,49,Opiniao_A
13,50,Opiniao_A
13,51,Opiniao_D
13,52,Opiniao_D
13,53,Opiniao_D
13,54,Opiniao_D
13,55,Opiniao_D
13,56,Opiniao_D
13,57,Opiniao_D
13,58,Opiniao_D
13,59,Opiniao_D
13,60,Opiniao_D
13,61,Opiniao_D
13,62,Opiniao_D
13,63,Opiniao_D
13,64,Opiniao_D
13,65,Opiniao_D
13,66,Opiniao_D
13,67,Opiniao_D
13,68,Opiniao_D
13,69,Opiniao_D
13,70,Opiniao_D
13,71,Opiniao_A
13,72,Opiniao_D
13,73,Opiniao_D
13,74,Opiniao_D
13,75,Opiniao_D
13,76,Opiniao_D
13,77,Opiniao_A
13,78,Opiniao_A
13,79,Opiniao_A
13,80,Opiniao_D
13,81,Opiniao_D
13,82,Opiniao_A
13,83,Opiniao_A
13,84,Opiniao_D
13,85,Opiniao_D
13,86,Opiniao_D
13,87,Opiniao_D
13,88,Opiniao_D
13,89,Opiniao_D
13,90,Opiniao_A
13,91,Opiniao_A
13,92,Opiniao_A
13,93,Opiniao_A
13,94,Opiniao_A
13,95,Opiniao_A
13,96,Opiniao_A
13,97,Opiniao_D
13,98,Opiniao_A
13,99,Opiniao_A
13,100,Opiniao_A
14,0,Opiniao_D
14,1,Opiniao_D
14,2,Opiniao_D
14,3,Opiniao_D
14,4,Opiniao_D
14,5,Opiniao_D
14,6,Opiniao_D
14,7,Opiniao_D
14,8,Opiniao_D
14,9,Opiniao_D
14,10,Opiniao_D
14,11,Opiniao_D
14,12,Opiniao_D
14,13,Opiniao_D
14,14,Opiniao_D
14,15,Opiniao_D
14,16,Opiniao_D
14,17,Opiniao_D
14,18,Opiniao_D
14,19,Opiniao_D
14,20,Opiniao_D
14,21,Opiniao_D
14,22,Opiniao_A
14,23,Opiniao_D
14,24,Opiniao_D
14,25,Opiniao_D
14,26,Opiniao_D
14,27,Opiniao_A
14,28,Opiniao_D
14,29,Opiniao_D
14,30,Opiniao_D
14,31,Opiniao_D
14,32,Opiniao_D
14,33,Opiniao_D
14,34,Opiniao_Falsa
14,35,Opiniao_D
14,36,Opiniao_D
14,37,Opiniao_D
14,38,Opiniao_D
14,39,Opiniao_D
14,40,Opiniao_D
14,41,Opiniao_D
14,42,Opiniao_D
14,43,Opiniao_D
14,44,Opiniao_D
14,45,Opiniao_D
14,46,Opiniao_D
14,47,Opiniao_D
14,48,Opiniao_A
14,49,Opiniao_A
14,50,Opiniao_D
14,51,Opiniao_Falsa
14,52,Opiniao_Falsa
14,53,Opiniao_D
14,54,Opiniao_D
14,55,Opiniao_D
14,56,Opiniao_D
14,57,Opiniao_D
14,58,Opiniao_D
14,59,Opiniao_D
14,60,Opiniao_D
14,61,Opiniao_D
14,62,Opiniao_D
14,63,Opiniao_D
14,64,Opiniao_D
14,65,Opiniao_D
14,66,Opiniao_D
14,67,Opiniao_D
14,68,Opiniao_D
14,69,Opiniao_D
14,70,Opiniao_D
14,71,Opiniao_D
14,72,Opiniao_D
14,73,Opiniao_Falsa
14,74,Opiniao_A
14,75,Opiniao_D
14,76,Opiniao_Falsa
14,77,Opiniao_Falsa
14,78,Opiniao_D
14,79,Opiniao_D
14,80,Opiniao_D
14,81,Opiniao_D
14,82,Opiniao_D
14,83,Opiniao_D
14,84,Opiniao_A
14,85,Opiniao_Falsa
14,86,Opiniao_A
14,87,Opiniao_D
14,88,Opiniao_A
14,89,Opiniao_A
14,90,Opiniao_Falsa
14,91,Opiniao_A
14,92,Opiniao_A
14,93,Opiniao_A
14,94,Opiniao_A
14,95,Opiniao_A
14,96,Opiniao_A
14,97,Opiniao_A
14,98,Opiniao_D
14,99,Opiniao_Falsa
14,100,Opiniao_Falsa
15,0,Opiniao_A
15,1,Opiniao_A
15,2,Opiniao_A
15,3,Opiniao_A
15,4,Opiniao_A
15,5,Opiniao_A
15,6,Opiniao_A
15,7,Opiniao_A
15,8,Opiniao_A
15,9,Opiniao_A
15,10,Opiniao_A
15,11,Opiniao_A
15,12,Opiniao_A
15,13,Opiniao_A
15,14,Opiniao_A
15,15,Opiniao_A
15,16,Opiniao_A
15,17,Opiniao_A
15,18,Opiniao_A
15,19,Opiniao_A
15,20,Opiniao_Falsa
15,21,Opiniao_Falsa
15,22,Opiniao_A
15,23,Opiniao_A
15,24,Opiniao_A
15,25,Opiniao_A
15,26,Opiniao_A
15,27,Opiniao_A
15,28,Opiniao_A
15,29,Opiniao_A
15,30,Opiniao_A
15,31,Opiniao_A
15,32,Opiniao_A
15,33,Opiniao_A
15,34,Opiniao_A
15,35,Opiniao_A
15,36,Opiniao_A
15,37,Opiniao_A
15,38,Opiniao_A
15,39,Opiniao_A
15,40,Opiniao_A
15,41,Opiniao_A
15,42,Opiniao_A
15,43,Opiniao_A
15,44,Opiniao_A
15,45,Opiniao_A
15,46,Opiniao_A
15,47,Opiniao_A
15,48,Opiniao_A
15,49,Opiniao_A
15,50,Opiniao_A
15,51,Opiniao_A
15,52,Opiniao_A
15,53,Opiniao_D
15,54,Opiniao_D
15,55,Opiniao_Falsa
15,56,Opiniao_Falsa
15,57,Opiniao_Falsa
15,58,Opiniao_Falsa
15,59,Opiniao_A
15,60,Opiniao_A
15,61,Opiniao_A
15,62,Opiniao_A
15,63,Opiniao_Falsa
15,64,Opiniao_Falsa
15,65,Opiniao_D
15,66,Opiniao_D
15,67,Opiniao_D
15,68,Opiniao_D
15,69,Opiniao_D
15,70,Opiniao_D
15,71,Opiniao_D
15,72,Opiniao_D
15,73,Opiniao_D
15,74,Opiniao_D
15,75,Opiniao_D
15,76,Opiniao_D
15,77,Opiniao_D
15,78,Opiniao_D
15,79,Opiniao_D
15,80,Opiniao_D
15,81,Opiniao_D
15,82,Opiniao_D
15,83,Opiniao_D
15,84,Opiniao_D
15,85,Opiniao_D
15,86,Opiniao_D
15,87,Opiniao_D
15,88,Opiniao_D
15,89,Opiniao_D
15,90,Opiniao_D
15,91,Opiniao_D
15,92,Opiniao_D
15,93,Opiniao_D
15,94,Opiniao_D
15,95,Opiniao_D
15,96,Opiniao_D
15,97,Opiniao_D
15,98,Opiniao_D
15,99,Opiniao_D
15,100,Opiniao_A
16,0,Opiniao_A
16,1,Opiniao_D
16,2,Opiniao_D
16,3,Opiniao_D
16,4,Opiniao_D
16,5,Opiniao_D
16,6,Opiniao_D
16,7,Opiniao_D
16,8,Opiniao_D
16,9,Opiniao_D
16,10,Opiniao_D
16,11,Opiniao_D
16,12,Opiniao_D
16,13,Opiniao_D
16,14,Opiniao_A
16,15,Opiniao_D
16,16,Opiniao_D
16,17,Opiniao_D
16,18,Opiniao_D
16,19,Opiniao_D
16,20,Opiniao_D
16,21,Opiniao_D
16,22,Opiniao_D
16,23,Opiniao_D
16,24,Opiniao_D
16,25,Opiniao_D
16,26,Opiniao_D
16,27,Opiniao_D
16,28,Opiniao_D
16,29,Opiniao_D
16,30,Opiniao_D
16,31,Opiniao_D
16,32,Opiniao_D
16,33,Opiniao_D
16,34,Opiniao_D
16,35,Opiniao_D
16,36,Opiniao_D
16,37,Opiniao_D
16,38,Opiniao_A
16,39,Opiniao_A
16,40,Opiniao_A
16,41,Opiniao_A
16,42,Opiniao_Falsa
16,43,Opiniao_D
16,44,Opiniao_D
16,45,Opiniao_D
16,46,Opiniao_D
16,47,Opiniao_D
16,48,Opiniao_D
16,49,Opiniao_D
16,50,Opiniao_D
16,51,Opiniao_D
16,52,Opiniao_D
16,53,Opiniao_D
16,54,Opiniao_D
16,55,Opiniao_D
16,56,Opiniao_D
16,57,Opiniao_D
16,58,Opiniao_D
16,59,Opiniao_A
16,60,Opiniao_A
16,61,Opiniao_A
16,62,Opiniao_A
16,63,Opiniao_A
16,64,Opiniao_A
16,65,Opiniao_D
16,66,Opiniao_D
16,67,Opiniao_D
16,68,Opiniao_D
16,69,Opiniao_D
16,70,Opiniao_A
16,71,Opiniao_A
16,72,Opiniao_A
16,73,Opiniao_A
16,74,Opiniao_A
16,75,Opiniao_A
16,76,Opiniao_Falsa
16,77,Opiniao_A
16,78,Opiniao_A
16,79,Opiniao_A
16,80,Opiniao_Falsa
16,81,Opiniao_A
16,82,Opiniao_A
16,83,Opiniao_D
16,84,Opiniao_D
16,85,Opiniao_D
16,86,Opiniao_A
16,87,Opiniao_A
16,88,Opiniao_A
16,89,Opiniao_A
16,90,Opiniao_A
16,91,Opiniao_A
16,92,Opiniao_A
16,93,Opiniao_Falsa
16,94,Opiniao_A
16,95,Opiniao_A
16,96,Opiniao_A
16,97,Opiniao_A
16,98,Opiniao_Falsa
16,99,Opiniao_Falsa
16,100,Opiniao_Falsa
17,0,Opiniao_C
17,1,Opiniao_C
17,2,Opiniao_C
17,3,Opiniao_C
17,4,Opiniao_C
17,5,Opiniao_C
17,6,Opiniao_C
17,7,Opiniao_Falsa
17,8,Opiniao_Falsa
17,9,Opiniao_D
17,10,Opiniao_Falsa
17,11,Opiniao_D
17,12,Opiniao_D
17,13,Opiniao_D
17,14,Opiniao_D
17,15,Opiniao_D
17,16,Opiniao_D
17,17,Opiniao_D
17,18,Opiniao_D
17,19,Opiniao_D
17,20,Opiniao_D
17,21,Opiniao_D
17,22,Opiniao_D
17,23,Opiniao_D
17,24,Opiniao_D
17,25,Opiniao_Falsa
17,26,Opiniao_Falsa
17,27,Opiniao_Falsa
17,28,Opiniao_A
17,29,Opiniao_A
17,30,Opiniao_A
17,31,Opiniao_Falsa
17,32,Opiniao_A
17,33,Opiniao_D
17,34,Opiniao_D
17,35,Opiniao_D
17,36,Opiniao_D
17,37,Opiniao_D
17,38,Opiniao_D
17,39,Opiniao_A
17,40,Opiniao_A
17,41,Opiniao_A
17,42,Opiniao_Falsa
17,43,Opiniao_Falsa
17,44,Opiniao_D
17,45,Opiniao_D
17,46,Opiniao_D
17,47,Opiniao_D
17,48,Opiniao_D
17,49,Opiniao_D
17,50,Opiniao_Falsa
17,51,Opiniao_D
17,52,Opiniao_D
17,53,Opiniao_D
17,54,Opiniao_D
17,55,Opiniao_D
17,56,Opiniao_D
17,57,Opiniao_D
17,58,Opiniao_D
17,59,Opiniao_D
17,60,Opiniao_A
17,61,Opiniao_A
17,62,Opiniao_A
17,63,Opiniao_A
17,64,Opiniao_A
17,65,Opiniao_Falsa
17,66,Opiniao_A
17,67,Opiniao_A
17,68,Opiniao_A
17,69,Opiniao_A
17,70,Opiniao_A
17,71,Opiniao_D
17,72,Opiniao_A
17,73,Opiniao_A
17,74,Opiniao_A
17,75,Opiniao_A
17,76,Opiniao_A
17,77,Opiniao_A
17,78,Opiniao_Falsa
17,79,Opiniao_Falsa
17,80,Opiniao_A
17,81,Opiniao_Falsa
17,82,Opiniao_A
17,83,Opiniao_A
17,84,Opiniao_A
17,85,Opiniao_A
17,86,Opiniao_A
17,87,Opiniao_D
17,88,Opiniao_A
17,89,Opiniao_Falsa
17,90,Opiniao_A
17,91,Opiniao_A
17,92,Opiniao_A
17,93,Opiniao_A
17,94,Opiniao_A
17,95,Opiniao_A
17,96,Opiniao_A
17,97,Opiniao_A
17,98,Opiniao_A
17,99,Opiniao_A
17,100,Opiniao_A
18,0,Opiniao_A
18,1,Opiniao_A
18,2,Opiniao_B
18,3,Opiniao_D
18,4,Opiniao_D
18,5,Opiniao_D
18,6,Opiniao_D
18,7,Opiniao_D
18,8,Opiniao_D
18,9,Opiniao_D
18,10,Opiniao_Falsa
18,11,Opiniao_Falsa
18,12,Opiniao_Falsa
18,13,Opiniao_Falsa
18,14,Opiniao_B
18,15,Opiniao_A
18,16,Opiniao_D
18,17,Opiniao_A
18,18,Opiniao_A
18,19,Opiniao_A
18,20,Opiniao_A
18,21,Opiniao_A
18,22,Opiniao_A
18,23,Opiniao_Falsa
18,24,Opiniao_Falsa
18,25,Opiniao_Falsa
18,26,Opiniao_Falsa
18,27,Opiniao_Falsa
18,28,Opiniao_Falsa
18,29,Opiniao_Falsa
18,30,Opiniao_Falsa
18,31,Opiniao_Falsa
18,32,Opiniao_A
18,33,Opiniao_Falsa
18,34,Opiniao_A
18,35,Opiniao_A
18,36,Opiniao_D
18,37,Opiniao_D
18,38,Opiniao_D
18,39,Opiniao_D
18,40,Opiniao_Falsa
18,41,Opiniao_Falsa
18,42,Opiniao_A
18,43,Opiniao_A
18,44,Opiniao_A
18,45,Opiniao_A
18,46,Opiniao_A
18,47,Opiniao_A
18,48,Opiniao_A
18,49,Opiniao_A
18,50,Opiniao_A
18,51,Opiniao_D
18,52,Opiniao_D
18,53,Opiniao_Falsa
18,54,Opiniao_D
18,55,Opiniao_D
18,56,Opiniao_D
18,57,Opiniao_Falsa
18,58,Opiniao_A
18,59,Opiniao_A
18,60,Opiniao_D
18,61,Opiniao_D
18,62,Opiniao_D
18,63,Opiniao_Falsa
18,64,Opiniao_D
18,65,Opiniao_D
18,66,Opiniao_D
18,67,Opiniao_D
18,68,Opiniao_D
18,69,Opiniao_D
18,70,Opiniao_D
18,71,Opiniao_D
18,72,Opiniao_D
18,73,Opiniao_A
18,74,Opiniao_A
18,75,Opiniao_A
18,76,Opiniao_D
18,77,Opiniao_D
18,78,Opiniao_A
18,79,Opiniao_A
18,80,Opiniao_Falsa
18,81,Opiniao_Falsa
18,82,Opiniao_A
18,83,Opiniao_A
18,84,Opiniao_A
18,85,Opiniao_A
18,86,Opiniao_D
18,87,Opiniao_A
18,88,Opiniao_A
18,89,Opiniao_A
18,90,Opiniao_D
18,91,Opiniao_A
18,92,Opiniao_A
18,93,Opiniao_A
18,94,Opiniao_Falsa
18,95,Opiniao_Falsa
18,96,Opiniao_Falsa
18,97,Opiniao_A
18,98,Opiniao_D
18,99,Opiniao_D
18,100,Opiniao_D
19,0,Opiniao_D
19,1,Opiniao_D
19,2,Opiniao_D
19,3,Opiniao_D
19,4,Opiniao_D
19,5,Opiniao_D
19,6,Opiniao_D
19,7,Opiniao_A
19,8,Opiniao_A
19,9,Opiniao_A
19,10,Opiniao_A
19,11,Opiniao_A
19,12,Opiniao_A
19,13,Opiniao_A
19,14,Opiniao_A
19,15,Opiniao_A
19,16,Opiniao_Falsa
19,17,Opiniao_Falsa
19,18,Opiniao_Falsa
19,19,Opiniao_Falsa
19,20,Opiniao_Falsa
19,21,Opiniao_Falsa
19,22,Opiniao_Falsa
19,23,Opiniao_Falsa
19,24,Opiniao_Falsa
19,25,Opiniao_Falsa
19,26,Opiniao_D
19,27,Opiniao_D
19,28,Opiniao_D
19,29,Opiniao_A
19,30,Opiniao_A
19,31,Opiniao_D
19,32,Opiniao_D
19,33,Opiniao_D
19,34,Opiniao_D
19,35,Opiniao_D
19,36,Opiniao_D
19,37,Opiniao_D
19,38,Opiniao_D
19,39,Opiniao_A
19,40,Opiniao_A
19,41,Opiniao_A
19,42,Opiniao_A
19,43,Opiniao_A
19,44,Opiniao_A
19,45,Opiniao_A
19,46,Opiniao_A
19,47,Opiniao_A
19,48,Opiniao_A
19,49,Opiniao_A
19,50,Opiniao_D
19,51,Opiniao_D
19,52,Opiniao_D
19,53,Opiniao_D
19,54,Opiniao_D
19,55,Opiniao_D
19,56,Opiniao_D
19,57,Opiniao_D
19,58,Opiniao_D
19,59,Opiniao_D
19,60,Opiniao_D
19,61,Opiniao_A
19,62,Opiniao_D
19,63,Opiniao_D
19,64,Opiniao_D
19,65,Opiniao_D
19,66,Opiniao_D
19,67,Opiniao_D
19,68,Opiniao_D
19,69,Opiniao_D
19,70,Opiniao_D
19,71,Opiniao_D
19,72,Opiniao_D
19,73,Opiniao_D
19,74,Opiniao_D
19,75,Opiniao_A
19,76,Opiniao_A
19,77,Opiniao_A
19,78,Opiniao_A
19,79,Opiniao_A
19,80,Opiniao_D
19,81,Opiniao_Falsa
19,82,Opiniao_Falsa
19,83,Opiniao_A
19,84,Opiniao_A
19,85,Opiniao_A
19,86,Opiniao_D
19,87,Opiniao_A
19,88,Opiniao_A
19,89,Opiniao_A
19,90,Opiniao_A
19,91,Opiniao_A
19,92,Opiniao_A
19,93,Opiniao_A
19,94,Opiniao_A
19,95,Opiniao_A
19,96,Opiniao_Falsa
19,97,Opiniao_A
19,98,Opiniao_Falsa
19,99,Opiniao_Falsa
19,100,Opiniao_Falsa
20,0,Opiniao_D
20,1,Opiniao_D
20,2,Opiniao_D
20,3,Opiniao_D
20,4,Opiniao_D
20,5,Opiniao_D
20,6,Opiniao_D
20,7,Opiniao_D
20,8,Opiniao_D
20,9,Opiniao_D
20,10,Opiniao_D
20,11,Opiniao_D
20,12,Opiniao_D
20,13,Opiniao_D
20,14,Opiniao_D
20,15,Opiniao_D
20,16,Opiniao_D
20,17,Opiniao_D
20,18,Opiniao_D
20,19,Opiniao_D
20,20,Opiniao_D
20,21,Opiniao_D
20,22,Opiniao_D
20,23,Opiniao_D
20,24,Opiniao_D
20,25,Opiniao_D
20,26,Opiniao_D
20,27,Opiniao_D
20,28,Opiniao_D
20,29,Opiniao_D
20,30,Opiniao_D
20,31,Opiniao_D
20,32,Opiniao_D
20,33,Opiniao_D
20,34,Opiniao_D
20,35,Opiniao_D
20,36,Opiniao_D
20,37,Opiniao_D
20,38,Opiniao_D
20,39,Opiniao_D
20,40,Opiniao_D
20,41,Opiniao_D
20,42,Opiniao_D
20,43,Opiniao_D
20,44,Opiniao_D
20,45,Opiniao_D
20,46,Opiniao_D
20,47,Opiniao_D
20,48,Opiniao_D
20,49,Opiniao_D
20,50,Opiniao_D
20,51,Opiniao_D
20,52,Opiniao_D
20,53,Opiniao_D
20,54,Opiniao_D
20,55,Opiniao_D
20,56,Opiniao_D
20,57,Opiniao_D
20,58,Opiniao_D
20,59,Opiniao_D
20,60,Opiniao_D
20,61,Opiniao_D
20,62,Opiniao_D
20,63,Opiniao_D
20,64,Opiniao_D
20,65,Opiniao_D
20,66,Opiniao_D
20,67,Opiniao_D
20,68,Opiniao_D
20,69,Opiniao_D
20,70,Opiniao_D
20,71,Opiniao_D
20,72,Opiniao_D
20,73,Opiniao_D
20,74,Opiniao_D
20,75,Opiniao_D
20,76,Opiniao_D
20,77,Opiniao_D
20,78,Opiniao_D
20,79,Opiniao_D
20,80,Opiniao_D
20,81,Opiniao_D
20,82,Opiniao_D
20,83,Opiniao_D
20,84,Opiniao_D
20,85,Opiniao_D
20,86,Opiniao_D
20,87,Opiniao_D
20,88,Opiniao_D
20,89,Opiniao_D
20,90,Opiniao_D
20,91,Opiniao_D
20,92,Opiniao_D
20,93,Opiniao_D
20,94,Opiniao_D
20,95,Opiniao_D
20,96,Opiniao_D
20,97,Opiniao_D
20,98,Opiniao_D
20,99,Opiniao_D
20,100,Opiniao_D
21,0,Opiniao_C
21,1,Opiniao_B
21,2,Opiniao_A
21,3,Opiniao_A
21,4,Opiniao_A
21,5,Opiniao_A
21,6,Opiniao_A
21,7,Opiniao_A
21,8,Opiniao_A
21,9,Opiniao_A
21,10,Opiniao_A
21,11,Opiniao_D
21,12,Opiniao_D
21,13,Opiniao_D
21,14,Opiniao_D
21,15,Opiniao_D
21,16,Opiniao_D
21,17,Opiniao_D
21,18,Opiniao_A
21,19,Opiniao_D
21,20,Opiniao_D
21,21,Opiniao_D
21,22,Opiniao_D
21,23,Opiniao_D
21,24,Opiniao_D
21,25,Opiniao_D
21,26,Opiniao_D
21,27,Opiniao_Falsa
21,28,Opiniao_D
21,29,Opiniao_D
21,30,Opiniao_D
21,31,Opiniao_D
21,32,Opiniao_D
21,33,Opiniao_D
21,34,Opiniao_D
21,35,Opiniao_A
21,36,Opiniao_A
21,37,Opiniao_A
21,38,Opiniao_A
21,39,Opiniao_A
21,40,Opiniao_A
21,41,Opiniao_A
21,42,Opiniao_A
21,43,Opiniao_A
21,44,Opiniao_A
21,45,Opiniao_A
21,46,Opiniao_A
21,47,Opiniao_A
21,48,Opiniao_A
21,49,Opiniao_A
21,50,Opiniao_D
21,51,Opiniao_D
21,52,Opiniao_D
21,53,Opiniao_D
21,54,Opiniao_D
21,55,Opiniao_Falsa
21,56,Opiniao_D
21,57,Opiniao_D
21,58,Opiniao_D
21,59,Opiniao_D
21,60,Opiniao_A
21,61,Opiniao_A
21,62,Opiniao_D
21,63,Opiniao_D
21,64,Opiniao_A
21,65,Opiniao_A
21,66,Opiniao_A
21,67,Opiniao_A
21,68,Opiniao_Falsa
21,69,Opiniao_A
21,70,Opiniao_A
21,71,Opiniao_D
21,72,Opiniao_D
21,73,Opiniao_D
21,74,Opiniao_D
21,75,Opiniao_Falsa
21,76,Opiniao_A
21,77,Opiniao_A
21,78,Opiniao_A
21,79,Opiniao_A
21,80,Opiniao_A
21,81,Opiniao_A
21,82,Opiniao_A
21,83,Opiniao_Falsa
21,84,Opiniao_A
21,85,Opiniao_A
21,86,Opiniao_A
21,87,Opiniao_A
21,88,Opiniao_A
21,89,Opiniao_A
21,90,Opiniao_D
21,91,Opiniao_A
21,92,Opiniao_A
21,93,Opiniao_A
21,94,Opiniao_A
21,95,Opiniao_A
21,96,Opiniao_D
21,97,Opiniao_A
21,98,Opiniao_Falsa
21,99,Opiniao_A
21,100,Opiniao_A
22,0,Opiniao_D
22,1,Opiniao_D
22,2,Opiniao_D
22,3,Opiniao_D
22,4,Opiniao_D
22,5,Opiniao_D
22,6,Opiniao_D
22,7,Opiniao_D
22,8,Opiniao_D
22,9,Opiniao_D
22,10,Opiniao_D
22,11,Opiniao_D
22,12,Opiniao_D
22,13,Opiniao_D
22,14,Opiniao_D
22,15,Opiniao_D
22,16,Opiniao_D
22,17,Opiniao_D
22,18,Opiniao_D
22,19,Opiniao_D
22,20,Opiniao_D
22,21,Opiniao_D
22,22,Opiniao_D
22,23,Opiniao_D
22,24,Opiniao_D
22,25,Opiniao_D
22,26,Opiniao_D
22,27,Opiniao_D
22,28,Opiniao_D
22,29,Opiniao_D
22,30,Opiniao_D
22,31,Opiniao_D
22,32,Opiniao_D
22,33,Opiniao_D
22,34,Opiniao_D
22,35,Opiniao_D
22,36,Opiniao_A
22,37,Opiniao_A
22,38,Opiniao_D
22,39,Opiniao_D
22,40,Opiniao_D
22,41,Opiniao_A
22,42,Opiniao_A
22,43,Opiniao_D
22,44,Opiniao_D
22,45,Opiniao_A
22,46,Opiniao_D
22,47,Opiniao_A
22,48,Opiniao_A
22,49,Opiniao_A
22,50,Opiniao_A
22,51,Opiniao_A
22,52,Opiniao_A
22,53,Opiniao_A
22,54,Opiniao_D
22,55,Opiniao_A
22,56,Opiniao_D
22,57,Opiniao_D
22,58,Opiniao_A
22,59,Opiniao_A
22,60,Opiniao_D
22,61,Opiniao_D
22,62,Opiniao_D
22,63,Opiniao_D
22,64,Opiniao_D
22,65,Opiniao_D
22,66,Opiniao_D
22,67,Opiniao_A
22,68,Opiniao_A
22,69,Opiniao_A
22,70,Opiniao_D
22,71,Opiniao_A
22,72,Opiniao_D
22,73,Opiniao_D
22,74,Opiniao_A
22,75,Opiniao_A
22,76,Opiniao_A
22,77,Opiniao_A
22,78,Opiniao_A
22,79,Opiniao_D
22,80,Opiniao_D
22,81,Opiniao_A
22,82,Opiniao_A
22,83,Opiniao_D
22,84,Opiniao_D
22,85,Opiniao_D
22,86,Opiniao_A
22,87,Opiniao_A
22,88,Opiniao_A
22,89,Opiniao_A
22,90,Opiniao_A
22,91,Opiniao_D
22,92,Opiniao_D
22,93,Opiniao_D
22,94,Opiniao_D
22,95,Opiniao_A
22,96,Opiniao_A
22,97,Opiniao_D
22,98,Opiniao_D
22,99,Opiniao_A
22,100,Opiniao_A
23,0,Opiniao_A
23,1,Opiniao_A
23,2,Opiniao_A
23,3,Opiniao_A
23,4,Opiniao_A
23,5,Opiniao_A
23,6,Opiniao_B
23,7,Opiniao_B
23,8,Opiniao_A
23,9,Opiniao_Falsa
23,10,Opiniao_Falsa
23,11,Opiniao_A
23,12,Opiniao_A
23,13,Opiniao_Falsa
23,14,Opiniao_Falsa
23,15,Opiniao_A
23,16,Opiniao_D
23,17,Opiniao_Falsa
23,18,Opiniao_A
23,19,Opiniao_A
23,20,Opiniao_Falsa
23,21,Opiniao_A
23,22,Opiniao_A
23,23,Opiniao_A
23,24,Opiniao_A
23,25,Opiniao_A
23,26,Opiniao_A
23,27,Opiniao_A
23,28,Opiniao_A
23,29,Opiniao_A
23,30,Opiniao_A
23,31,Opiniao_A
23,32,Opiniao_A
23,33,Opiniao_A
23,34,Opiniao_Falsa
23,35,Opiniao_A
23,36,Opiniao_A
23,37,Opiniao_A
23,38,Opiniao_Falsa
23,39,Opiniao_Falsa
23,40,Opiniao_Falsa
23,41,Opiniao_Falsa
23,42,Opiniao_A
23,43,Opiniao_Falsa
23,44,Opiniao_A
23,45,Opiniao_A
23,46,Opiniao_A
23,47,Opiniao_A
23,48,Opiniao_A
23,49,Opiniao_A
23,50,Opiniao_A
23,51,Opiniao_A
23,52,Opiniao_A
23,53,Opiniao_A
23,54,Opiniao_A
23,55,Opiniao_A
23,56,Opiniao_A
23,57,Opiniao_A
23,58,Opiniao_A
23,59,Opiniao_A
23,60,Opiniao_A
23,61,Opiniao_A
23,62,Opiniao_A
23,63,Opiniao_A
23,64,Opiniao_A
23,65,Opiniao_A
23,66,Opiniao_A
23,67,Opiniao_A
23,68,Opiniao_A
23,69,Opiniao_A
23,70,Opiniao_A
23,71,Opiniao_A
23,72,Opiniao_A
23,73,Opiniao_A
23,74,Opiniao_A
23,75,Opiniao_A
23,76,Opiniao_A
23,77,Opiniao_A
23,78,Opiniao_A
23,79,Opiniao_A
23,80,Opiniao_A
23,81,Opiniao_A
23,82,Opiniao_A
23,83,Opiniao_A
23,84,Opiniao_Falsa
23,85,Opiniao_Falsa
23,86,Opiniao_A
23,87,Opiniao_A
23,88,Opiniao_Falsa
23,89,Opiniao_Falsa
23,90,Opiniao_A
23,91,Opiniao_A
23,92,Opiniao_A
23,93,Opiniao_A
23,94,Opiniao_A
23,95,Opiniao_A
23,96,Opiniao_A
23,97,Opiniao_A
23,98,Opiniao_A
23,99,Opiniao_A
23,100,Opiniao_A
24,0,Opiniao_C
24,1,Opiniao_C
24,2,Opiniao_C
24,3,Opiniao_C
24,4,Opiniao_C
24,5,Opiniao_C
24,6,Opiniao_C
24,7,Opiniao_C
24,8,Opiniao_C
24,9,Opiniao_C
24,10,Opiniao_C
24,11,Opiniao_C
24,12,Opiniao_C
24,13,Opiniao_C
24,14,Opiniao_C
24,15,Opiniao_C
24,16,Opiniao_C
24,17,Opiniao_C
24,18,Opiniao_C
24,19,Opiniao_C
24,20,Opiniao_C
24,21,Opiniao_C
24,22,Opiniao_C
24,23,Opiniao_C
24,24,Opiniao_C
24,25,Opiniao_C
24,26,Opiniao_C
24,27,Opiniao_C
24,28,Opiniao_C
24,29,Opiniao_C
24,30,Opiniao_C
24,31,Opiniao_C
24,32,Opiniao_C
24,33,Opiniao_C
24,34,Opiniao_C
24,35,Opiniao_C
24,36,Opiniao_C
24,37,Opiniao_C
24,38,Opiniao_C
24,39,Opiniao_C
24,40,Opiniao_C
24,41,Opiniao_C
24,42,Opiniao_C
24,43,Opiniao_C
24,44,Opiniao_C
24,45,Opiniao_C
24,46,Opiniao_C
24,47,Opiniao_C
24,48,Opiniao_C
24,49,Opiniao_C
24,50,Opiniao_C
24,51,Opiniao_C
24,52,Opiniao_C
24,53,Opiniao_C
24,54,Opiniao_C
24,55,Opiniao_C
24,56,Opiniao_C
24,57,Opiniao_C
24,58,Opiniao_C
24,59,Opiniao_C
24,60,Opiniao_C
24,61,Opiniao_C
24,62,Opiniao_C
24,63,Opiniao_C
24,64,Opiniao_C
24,65,Opiniao_C
24,66,Opiniao_C
24,67,Opiniao_C
24,68,Opiniao_C
24,69,Opiniao_C
24,70,Opiniao_C
24,71,Opiniao_C
24,72,Opiniao_C
24,73,Opiniao_C
24,74,Opiniao_C
24,75,Opiniao_C
24,76,Opiniao_C
24,77,Opiniao_C
24,78,Opiniao_C
24,79,Opiniao_C
24,80,Opiniao_C
24,81,Opiniao_C
24,82,Opiniao_C
24,83,Opiniao_C
24,84,Opiniao_C
24,85,Opiniao_C
24,86,Opiniao_C
24,87,Opiniao_C
24,88,Opiniao_C
24,89,Opiniao_C
24,90,Opiniao_C
24,91,Opiniao_C
24,92,Opiniao_C
24,93,Opiniao_C
24,94,Opiniao_C
24,95,Opiniao_C
24,96,Opiniao_C
24,97,Opiniao_C
24,98,Opiniao_C
24,99,Opiniao_C
24,100,Opiniao_C
25,0,Opiniao_C
25,1,Opiniao_C
25,2,Opiniao_C
25,3,Opiniao_C
25,4,Opiniao_B
25,5,Opiniao_B
25,6,Opiniao_B
25,7,Opiniao_B
25,8,Opiniao_B
25,9,Opiniao_B
25,10,Opiniao_B
25,11,Opiniao_A
25,12,Opiniao_A
25,13,Opiniao_A
25,14,Opiniao_A
25,15,Opiniao_A
25,16,Opiniao_A
25,17,Opiniao_A
25,18,Opiniao_D
25,19,Opiniao_D
25,20,Opiniao_D
25,21,Opiniao_D
25,22,Opiniao_A
25,23,Opiniao_A
25,24,Opiniao_A
25,25,Opiniao_D
25,26,Opiniao_D
25,27,Opiniao_D
25,28,Opiniao_D
25,29,Opiniao_D
25,30,Opiniao_D
25,31,Opiniao_D
25,32,Opiniao_D
25,33,Opiniao_D
25,34,Opiniao_D
25,35,Opiniao_D
25,36,Opiniao_A
25,37,Opiniao_A
25,38,Opiniao_A
25,39,Opiniao_A
25,40,Opiniao_A
25,41,Opiniao_D
25,42,Opiniao_A
25,43,Opiniao_A
25,44,Opiniao_A
25,45,Opiniao_D
25,46,Opiniao_A
25,47,Opiniao_D
25,48,Opiniao_D
25,49,Opiniao_D
25,50,Opiniao_A
25,51,Opiniao_A
25,52,Opiniao_A
25,53,Opiniao_D
25,54,Opiniao_D
25,55,Opiniao_D
25,56,Opiniao_D
25,57,Opiniao_D
25,58,Opiniao_D
25,59,Opiniao_D
25,60,Opiniao_D
25,61,Opiniao_D
25,62,Opiniao_D
25,63,Opiniao_D
25,64,Opiniao_D
25,65,Opiniao_D
25,66,Opiniao_D
25,67,Opiniao_D
25,68,Opiniao_A
25,69,Opiniao_D
25,70,Opiniao_D
25,71,Opiniao_D
25,72,Opiniao_D
25,73,Opiniao_A
25,74,Opiniao_A
25,75,Opiniao_D
25,76,Opiniao_A
25,77,Opiniao_A
25,78,Opiniao_A
25,79,Opiniao_A
25,80,Opiniao_A
25,81,Opiniao_A
25,82,Opiniao_A
25,83,Opiniao_A
25,84,Opiniao_A
25,85,Opiniao_A
25,86,Opiniao_A
25,87,Opiniao_D
25,88,Opiniao_D
25,89,Opiniao_D
25,90,Opiniao_D
25,91,Opiniao_D
25,92,Opiniao_D
25,93,Opiniao_A
25,94,Opiniao_A
25,95,Opiniao_A
25,96,Opiniao_A
25,97,Opiniao_D
25,98,Opiniao_D
25,99,Opiniao_A
25,100,Opiniao_A
26,0,Opiniao_A
26,1,Opiniao_A
26,2,Opiniao_A
26,3,Opiniao_A
26,4,Opiniao_A
26,5,Opiniao_A
26,6,Opiniao_A
26,7,Opiniao_A
26,8,Opiniao_A
26,9,Opiniao_A
26,10,Opiniao_A
26,11,Opiniao_A
26,12,Opiniao_A
26,13,Opiniao_A
26,14,Opiniao_A
26,15,Opiniao_A
26,16,Opiniao_A
26,17,Opiniao_A
26,18,Opiniao_A
26,19,Opiniao_A
26,20,Opiniao_A
26,21,Opiniao_A
26,22,Opiniao_A
26,23,Opiniao_A
26,24,Opiniao_A
26,25,Opiniao_A
26,26,Opiniao_A
26,27,Opiniao_Falsa
26,28,Opiniao_Falsa
26,29,Opiniao_Falsa
26,30,Opiniao_Falsa
26,31,Opiniao_Falsa
26,32,Opiniao_Falsa
26,33,Opiniao_Falsa
26,34,Opiniao_Falsa
26,35,Opiniao_Falsa
26,36,Opiniao_Falsa
26,37,Opiniao_Falsa
26,38,Opiniao_Falsa
26,39,Opiniao_Falsa
26,40,Opiniao_Falsa
26,41,Opiniao_Falsa
26,42,Opiniao_Falsa
26,43,Opiniao_Falsa
26,44,Opiniao_A
26,45,Opiniao_A
26,46,Opiniao_A
26,47,Opiniao_A
26,48,Opiniao_A
26,49,Opiniao_A
26,50,Opiniao_A
26,51,Opiniao_A
26,52,Opiniao_A
26,53,Opiniao_A
26,54,Opiniao_A
26,55,Opiniao_A
26,56,Opiniao_A
26,57,Opiniao_A
26,58,Opiniao_A
26,59,Opiniao_A
26,60,Opiniao_A
26,61,Opiniao_Falsa
26,62,Opiniao_A
26,63,Opiniao_A
26,64,Opiniao_D
26,65,Opiniao_A
26,66,Opiniao_A
26,67,Opiniao_A
26,68,Opiniao_A
26,69,Opiniao_A
26,70,Opiniao_A
26,71,Opiniao_A
26,72,Opiniao_A
26,73,Opiniao_A
26,74,Opiniao_Falsa
26,75,Opiniao_Falsa
26,76,Opiniao_D
26,77,Opiniao_D
26,78,Opiniao_D
26,79,Opiniao_D
26,80,Opiniao_D
26,81,Opiniao_D
26,82,Opiniao_D
26,83,Opiniao_D
26,84,Opiniao_D
26,85,Opiniao_D
26,86,Opiniao_D
26,87,Opiniao_D
26,88,Opiniao_D
26,89,Opiniao_D
26,90,Opiniao_D
26,91,Opiniao_D
26,92,Opiniao_D
26,93,Opiniao_D
26,94,Opiniao_D
26,95,Opiniao_D
26,96,Opiniao_D
26,97,Opiniao_D
26,98,Opiniao_D
26,99,Opiniao_Falsa
26,100,Opiniao_D
27,0,Opiniao_D
27,1,Opiniao_B
27,2,Opiniao_B
27,3,Opiniao_B
27,4,Opiniao_Falsa
27,5,Opiniao_Falsa
27,6,Opiniao_Falsa
27,7,Opiniao_Falsa
27,8,Opiniao_B
27,9,Opiniao_B
27,10,Opiniao_B
27,11,Opiniao_A
27,12,Opiniao_A
27,13,Opiniao_A
27,14,Opiniao_A
27,15,Opiniao_A
27,16,Opiniao_A
27,17,Opiniao_A
27,18,Opiniao_A
27,19,Opiniao_A
27,20,Opiniao_A
27,21,Opiniao_A
27,22,Opiniao_A
27,23,Opiniao_A
27,24,Opiniao_A
27,25,Opiniao_Falsa
27,26,Opiniao_D
27,27,Opiniao_B
27,28,Opiniao_B
27,29,Opiniao_B
27,30,Opiniao_B
27,31,Opiniao_B
27,32,Opiniao_D
27,33,Opiniao_B
27,34,Opiniao_B
27,35,Opiniao_A
27,36,Opiniao_A
27,37,Opiniao_A
27,38,Opiniao_A
27,39,Opiniao_A
27,40,Opiniao_B
27,41,Opiniao_D
27,42,Opiniao_D
27,43,Opiniao_D
27,44,Opiniao_D
27,45,Opiniao_D
27,46,Opiniao_D
27,47,Opiniao_D
27,48,Opiniao_D
27,49,Opiniao_D
27,50,Opiniao_D
27,51,Opiniao_D
27,52,Opiniao_D
27,53,Opiniao_D
27,54,Opiniao_D
27,55,Opiniao_D
27,56,Opiniao_D
27,57,Opiniao_D
27,58,Opiniao_D
27,59,Opiniao_D
27,60,Opiniao_D
27,61,Opiniao_D
27,62,Opiniao_D
27,63,Opiniao_Falsa
27,64,Opiniao_Falsa
27,65,Opiniao_Falsa
27,66,Opiniao_Falsa
27,67,Opiniao_Falsa
27,68,Opiniao_Falsa
27,69,Opiniao_Falsa
27,70,Opiniao_Falsa
27,71,Opiniao_Falsa
27,72,Opiniao_A
27,73,Opiniao_A
27,74,Opiniao_A
27,75,Opiniao_A
27,76,Opiniao_A
27,77,Opiniao_A
27,78,Opiniao_A
27,79,Opiniao_A
27,80,Opiniao_A
27,81,Opiniao_A
27,82,Opiniao_A
27,83,Opiniao_D
27,84,Opiniao_D
27,85,Opiniao_D
27,86,Opiniao_D
27,87,Opiniao_A
27,88,Opiniao_D
27,89,Opiniao_D
27,90,Opiniao_D
27,91,Opiniao_A
27,92,Opiniao_D
27,93,Opiniao_D
27,94,Opiniao_A
27,95,Opiniao_A
27,96,Opiniao_A
27,97,Opiniao_A
27,98,Opiniao_Falsa
27,99,Opiniao_A
27,100,Opiniao_A
28,0,Opiniao_D
28,1,Opiniao_D
28,2,Opiniao_D
28,3,Opiniao_A
28,4,Opiniao_A
28,5,Opiniao_Falsa
28,6,Opiniao_D
28,7,Opiniao_D
28,8,Opiniao_Falsa
28,9,Opiniao_D
28,10,Opiniao_Falsa
28,11,Opiniao_Falsa
28,12,Opiniao_A
28,13,Opiniao_D
28,14,Opiniao_Falsa
28,15,Opiniao_Falsa
28,16,Opiniao_A
28,17,Opiniao_A
28,18,Opiniao_D
28,19,Opiniao_D
28,20,Opiniao_D
28,21,Opiniao_Falsa
28,22,Opiniao_Falsa
28,23,Opiniao_A
28,24,Opiniao_A
28,25,Opiniao_A
28,26,Opiniao_A
28,27,Opiniao_A
28,28,Opiniao_D
28,29,Opiniao_D
28,30,Opiniao_D
28,31,Opiniao_D
28,32,Opiniao_D
28,33,Opiniao_D
28,34,Opiniao_D
28,35,Opiniao_D
28,36,Opiniao_D
28,37,Opiniao_D
28,38,Opiniao_D
28,39,Opiniao_A
28,40,Opiniao_D
28,41,Opiniao_D
28,42,Opiniao_D
28,43,Opiniao_A
28,44,Opiniao_A
28,45,Opiniao_A
28,46,Opiniao_A
28,47,Opiniao_A
28,48,Opiniao_A
28,49,Opiniao_A
28,50,Opiniao_Falsa
28,51,Opiniao_Falsa
28,52,Opiniao_A
28,53,Opiniao_D
28,54,Opiniao_D
28,55,Opiniao_D
28,56,Opiniao_A
28,57,Opiniao_A
28,58,Opiniao_A
28,59,Opiniao_A
28,60,Opiniao_A
28,61,Opiniao_A
28,62,Opiniao_D
28,63,Opiniao_D
28,64,Opiniao_Falsa
28,65,Opiniao_D
28,66,Opiniao_D
28,67,Opiniao_D
28,68,Opiniao_A
28,69,Opiniao_A
28,70,Opiniao_Falsa
28,71,Opiniao_A
28,72,Opiniao_A
28,73,Opiniao_A
28,74,Opiniao_A
28,75,Opiniao_A
28,76,Opiniao_A
28,77,Opiniao_A
28,78,Opiniao_A
28,79,Opiniao_A
28,80,Opiniao_A
28,81,Opiniao_A
28,82,Opiniao_D
28,83,Opiniao_D
28,84,Opiniao_D
28,85,Opiniao_D
28,86,Opiniao_D
28,87,Opiniao_D
28,88,Opiniao_D
28,89,Opiniao_D
28,90,Opiniao_D
28,91,Opiniao_D
28,92,Opiniao_D
28,93,Opiniao_A
28,94,Opiniao_A
28,95,Opiniao_A
28,96,Opiniao_D
28,97,Opiniao_Falsa
28,98,Opiniao_D
28,99,Opiniao_A
28,100,Opiniao_A
29,0,Opiniao_B
29,1,Opiniao_B
29,2,Opiniao_B
29,3,Opiniao_Falsa
29,4,Opiniao_B
29,5,Opiniao_Falsa
29,6,Opiniao_B
29,7,Opiniao_Falsa
29,8,Opiniao_B
29,9,Opiniao_B
29,10,Opiniao_B
29,11,Opiniao_B
29,12,Opiniao_B
29,13,Opiniao_B
29,14,Opiniao_A
29,15,Opiniao_Falsa
29,16,Opiniao_Falsa
29,17,Opiniao_A
29,18,Opiniao_A
29,19,Opiniao_D
29,20,Opiniao_D
29,21,Opiniao_D
29,22,Opiniao_D
29,23,Opiniao_D
29,24,Opiniao_A
29,25,Opiniao_A
29,26,Opiniao_Falsa
29,27,Opiniao_D
29,28,Opiniao_D
29,29,Opiniao_A
29,30,Opiniao_Falsa
29,31,Opiniao_Falsa
29,32,Opiniao_A
29,33,Opiniao_Falsa
29,34,Opiniao_A
29,35,Opiniao_A
29,36,Opiniao_A
29,37,Opiniao_A
29,38,Opiniao_A
29,39,Opiniao_Falsa
29,40,Opiniao_D
29,41,Opiniao_D
29,42,Opiniao_Falsa
29,43,Opiniao_Falsa
29,44,Opiniao_A
29,45,Opiniao_A
29,46,Opiniao_A
29,47,Opiniao_A
29,48,Opiniao_A
29,49,Opiniao_A
29,50,Opiniao_A
29,51,Opiniao_A
29,52,Opiniao_A
29,53,Opiniao_A
29,54,Opiniao_D
29,55,Opiniao_D
29,56,Opiniao_Falsa
29,57,Opiniao_Falsa
29,58,Opiniao_D
29,59,Opiniao_D
29,60,Opiniao_D
29,61,Opiniao_D
29,62,Opiniao_D
29,63,Opiniao_D
29,64,Opiniao_A
29,65,Opiniao_D
29,66,Opiniao_D
29,67,Opiniao_Falsa
29,68,Opiniao_D
29,69,Opiniao_D
29,70,Opiniao_D
29,71,Opiniao_D
29,72,Opiniao_D
29,73,Opiniao_D
29,74,Opiniao_D
29,75,Opiniao_D
29,76,Opiniao_A
29,77,Opiniao_A
29,78,Opiniao_A
29,79,Opiniao_A
29,80,Opiniao_A
29,81,Opiniao_A
29,82,Opiniao_A
29,83,Opiniao_A
29,84,Opiniao_A
29,85,Opiniao_A
29,86,Opiniao_A
29,87,Opiniao_A
29,88,Opiniao_Falsa
29,89,Opiniao_A
29,90,Opiniao_A
29,91,Opiniao_A
29,92,Opiniao_A
29,93,Opiniao_A
29,94,Opiniao_A
29,95,Opiniao_A
29,96,Opiniao_A
29,97,Opiniao_A
29,98,Opiniao_A
29,99,Opiniao_A
29,100,Opiniao_A
30,0,Opiniao_C
30,1,Opiniao_D
30,2,Opiniao_D
30,3,Opiniao_D
30,4,Opiniao_D
30,5,Opiniao_D
30,6,Opiniao_B
30,7,Opiniao_B
30,8,Opiniao_B
30,9,Opiniao_B
30,10,Opiniao_B
30,11,Opiniao_Falsa
30,12,Opiniao_A
30,13,Opiniao_A
30,14,Opiniao_A
30,15,Opiniao_A
30,16,Opiniao_A
30,17,Opiniao_A
30,18,Opiniao_A
30,19,Opiniao_A
30,20,Opiniao_A
30,21,Opiniao_A
30,22,Opiniao_A
30,23,Opiniao_Falsa
30,24,Opiniao_D
30,25,Opiniao_D
30,26,Opiniao_D
30,27,Opiniao_D
30,28,Opiniao_D
30,29,Opiniao_D
30,30,Opiniao_D
30,31,Opiniao_D
30,32,Opiniao_D
30,33,Opiniao_A
30,34,Opiniao_D
30,35,Opiniao_D
30,36,Opiniao_D
30,37,Opiniao_D
30,38,Opiniao_D
30,39,Opiniao_D
30,40,Opiniao_D
30,41,Opiniao_A
30,42,Opiniao_A
30,43,Opiniao_A
30,44,Opiniao_A
30,45,Opiniao_D
30,46,Opiniao_A
30,47,Opiniao_D
30,48,Opiniao_D
30,49,Opiniao_D
30,50,Opiniao_Falsa
30,51,Opiniao_Falsa
30,52,Opiniao_D
30,53,Opiniao_D
30,54,Opiniao_D
30,55,Opiniao_D
30,56,Opiniao_D
30,57,Opiniao_Falsa
30,58,Opiniao_A
30,59,Opiniao_Falsa
30,60,Opiniao_D
30,61,Opiniao_D
30,62,Opiniao_C
30,63,Opiniao_A
30,64,Opiniao_D
30,65,Opiniao_C
30,66,Opiniao_C
30,67,Opiniao_C
30,68,Opiniao_C
30,69,Opiniao_D
30,70,Opiniao_Falsa
30,71,Opiniao_A
30,72,Opiniao_A
30,73,Opiniao_A
30,74,Opiniao_A
30,75,Opiniao_A
30,76,Opiniao_Falsa
30,77,Opiniao_A
30,78,Opiniao_C
30,79,Opiniao_D
30,80,Opiniao_C
30,81,Opiniao_D
30,82,Opiniao_C
30,83,Opiniao_A
30,84,Opiniao_A
30,85,Opiniao_Falsa
30,86,Opiniao_A
30,87,Opiniao_A
30,88,Opiniao_A
30,89,Opiniao_D
30,90,Opiniao_D
30,91,Opiniao_A
30,92,Opiniao_D
30,93,Opiniao_D
30,94,Opiniao_A
30,95,Opiniao_A
30,96,Opiniao_D
30,97,Opiniao_Falsa
30,98,Opiniao_A
30,99,Opiniao_A
30,100,Opiniao_D
31,0,Opiniao_A
31,1,Opiniao_A
31,2,Opiniao_A
31,3,Opiniao_A
31,4,Opiniao_A
31,5,Opiniao_A
31,6,Opiniao_B
31,7,Opiniao_B
31,8,Opiniao_B
31,9,Opiniao_D
31,10,Opiniao_Falsa
31,11,Opiniao_D
31,12,Opiniao_Falsa
31,13,Opiniao_Falsa
31,14,Opiniao_Falsa
31,15,Opiniao_D
31,16,Opiniao_D
31,17,Opiniao_D
31,18,Opiniao_D
31,19,Opiniao_D
31,20,Opiniao_A
31,21,Opiniao_A
31,22,Opiniao_A
31,23,Opiniao_A
31,24,Opiniao_A
31,25,Opiniao_A
31,26,Opiniao_A
31,27,Opiniao_A
31,28,Opiniao_A
31,29,Opiniao_A
31,30,Opiniao_A
31,31,Opiniao_A
31,32,Opiniao_Falsa
31,33,Opiniao_Falsa
31,34,Opiniao_Falsa
31,35,Opiniao_Falsa
31,36,Opiniao_Falsa
31,37,Opiniao_Falsa
31,38,Opiniao_Falsa
31,39,Opiniao_Falsa
31,40,Opiniao_Falsa
31,41,Opiniao_A
31,42,Opiniao_A
31,43,Opiniao_A
31,44,Opiniao_A
31,45,Opiniao_D
31,46,Opiniao_D
31,47,Opiniao_D
31,48,Opiniao_D
31,49,Opiniao_D
31,50,Opiniao_Falsa
31,51,Opiniao_D
31,52,Opiniao_D
31,53,Opiniao_D
31,54,Opiniao_D
31,55,Opiniao_D
31,56,Opiniao_D
31,57,Opiniao_D
31,58,Opiniao_D
31,59,Opiniao_D
31,60,Opiniao_D
31,61,Opiniao_D
31,62,Opiniao_D
31,63,Opiniao_D
31,64,Opiniao_D
31,65,Opiniao_D
31,66,Opiniao_D
31,67,Opiniao_A
31,68,Opiniao_A
31,69,Opiniao_D
31,70,Opiniao_D
31,71,Opiniao_A
31,72,Opiniao_A
31,73,Opiniao_A
31,74,Opiniao_A
31,75,Opiniao_A
31,76,Opiniao_A
31,77,Opiniao_Falsa
31,78,Opiniao_A
31,79,Opiniao_A
31,80,Opiniao_A
31,81,Opiniao_A
31,82,Opiniao_A
31,83,Opiniao_A
31,84,Opiniao_A
31,85,Opiniao_A
31,86,Opiniao_D
31,87,Opiniao_D
31,88,Opiniao_D
31,89,Opiniao_D
31,90,Opiniao_A
31,91,Opiniao_A
31,92,Opiniao_A
31,93,Opiniao_A
31,94,Opiniao_A
31,95,Opiniao_A
31,96,Opiniao_A
31,97,Opiniao_A
31,98,Opiniao_A
31,99,Opiniao_A
31,100,Opiniao_A
32,0,Opiniao_A
32,1,Opiniao_A
32,2,Opiniao_A
32,3,Opiniao_A
32,4,Opiniao_A
32,5,Opiniao_A
32,6,Opiniao_A
32,7,Opiniao_B
32,8,Opiniao_B
32,9,Opiniao_B
32,10,Opiniao_Falsa
32,11,Opiniao_Falsa
32,12,Opiniao_Falsa
32,13,Opiniao_Falsa
32,14,Opiniao_B
32,15,Opiniao_A
32,16,Opiniao_A
32,17,Opiniao_A
32,18,Opiniao_A
32,19,Opiniao_A
32,20,Opiniao_A
32,21,Opiniao_A
32,22,Opiniao_Falsa
32,23,Opiniao_Falsa
32,24,Opiniao_A
32,25,Opiniao_A
32,26,Opiniao_A
32,27,Opiniao_D
32,28,Opiniao_D
32,29,Opiniao_D
32,30,Opiniao_D
32,31,Opiniao_D
32,32,Opiniao_D
32,33,Opiniao_D
32,34,Opiniao_D
32,35,Opiniao_D
32,36,Opiniao_D
32,37,Opiniao_D
32,38,Opiniao_D
32,39,Opiniao_D
32,40,Opiniao_Falsa
32,41,Opiniao_D
32,42,Opiniao_D
32,43,Opiniao_D
32,44,Opiniao_D
32,45,Opiniao_D
32,46,Opiniao_D
32,47,Opiniao_D
32,48,Opiniao_D
32,49,Opiniao_D
32,50,Opiniao_D
32,51,Opiniao_D
32,52,Opiniao_D
32,53,Opiniao_Falsa
32,54,Opiniao_Falsa
32,55,Opiniao_Falsa
32,56,Opiniao_Falsa
32,57,Opiniao_Falsa
32,58,Opiniao_Falsa
32,59,Opiniao_Falsa
32,60,Opiniao_Falsa
32,61,Opiniao_Falsa
32,62,Opiniao_Falsa
32,63,Opiniao_Falsa
32,64,Opiniao_Falsa
32,65,Opiniao_Falsa
32,66,Opiniao_Falsa
32,67,Opiniao_D
32,68,Opiniao_D
32,69,Opiniao_D
32,70,Opiniao_D
32,71,Opiniao_D
32,72,Opiniao_D
32,73,Opiniao_Falsa
32,74,Opiniao_D
32,75,Opiniao_D
32,76,Opiniao_D
32,77,Opiniao_D
32,78,Opiniao_D
32,79,Opiniao_D
32,80,Opiniao_D
32,81,Opiniao_D
32,82,Opiniao_D
32,83,Opiniao_D
32,84,Opiniao_D
32,85,Opiniao_D
32,86,Opiniao_D
32,87,Opiniao_D
32,88,Opiniao_D
32,89,Opiniao_D
32,90,Opiniao_D
32,91,Opiniao_D
32,92,Opiniao_D
32,93,Opiniao_D
32,94,Opiniao_D
32,95,Opiniao_A
32,96,Opiniao_A
32,97,Opiniao_A
32,98,Opiniao_A
32,99,Opiniao_A
32,100,Opiniao_A
33,0,Opiniao_D
33,1,Opiniao_D
33,2,Opiniao_B
33,3,Opiniao_A
33,4,Opiniao_A
33,5,Opiniao_B
33,6,Opiniao_B
33,7,Opiniao_B
33,8,Opiniao_A
33,9,Opiniao_A
33,10,Opiniao_A
33,11,Opiniao_B
33,12,Opiniao_A
33,13,Opiniao_A
33,14,Opiniao_A
33,15,Opiniao_A
33,16,Opiniao_A
33,17,Opiniao_A
33,18,Opiniao_A
33,19,Opiniao_A
33,20,Opiniao_A
33,21,Opiniao_A
33,22,Opiniao_A
33,23,Opiniao_A
33,24,Opiniao_A
33,25,Opiniao_A
33,26,Opiniao_A
33,27,Opiniao_A
33,28,Opiniao_A
33,29,Opiniao_A
33,30,Opiniao_A
33,31,Opiniao_A
33,32,Opiniao_A
33,33,Opiniao_A
33,34,Opiniao_A
33,35,Opiniao_Falsa
33,36,Opiniao_Falsa
33,37,Opiniao_A
33,38,Opiniao_A
33,39,Opiniao_A
33,40,Opiniao_A
33,41,Opiniao_A
33,42,Opiniao_Falsa
33,43,Opiniao_Falsa
33,44,Opiniao_A
33,45,Opiniao_A
33,46,Opiniao_A
33,47,Opiniao_A
33,48,Opiniao_A
33,49,Opiniao_A
33,50,Opiniao_A
33,51,Opiniao_A
33,52,Opiniao_A
33,53,Opiniao_A
33,54,Opiniao_D
33,55,Opiniao_D
33,56,Opiniao_D
33,57,Opiniao_D
33,58,Opiniao_D
33,59,Opiniao_D
33,60,Opiniao_D
33,61,Opiniao_D
33,62,Opiniao_D
33,63,Opiniao_D
33,64,Opiniao_A
33,65,Opiniao_D
33,66,Opiniao_D
33,67,Opiniao_Falsa
33,68,Opiniao_D
33,69,Opiniao_D
33,70,Opiniao_A
33,71,Opiniao_A
33,72,Opiniao_A
33,73,Opiniao_A
33,74,Opiniao_A
33,75,Opiniao_A
33,76,Opiniao_A
33,77,Opiniao_A
33,78,Opiniao_A
33,79,Opiniao_Falsa
33,80,Opiniao_Falsa
33,81,Opiniao_Falsa
33,82,Opiniao_Falsa
33,83,Opiniao_Falsa
33,84,Opiniao_A
33,85,Opiniao_A
33,86,Opiniao_A
33,87,Opiniao_A
33,88,Opiniao_A
33,89,Opiniao_A
33,90,Opiniao_A
33,91,Opiniao_A
33,92,Opiniao_A
33,93,Opiniao_A
33,94,Opiniao_A
33,95,Opiniao_A
33,96,Opiniao_Falsa
33,97,Opiniao_A
33,98,Opiniao_A
33,99,Opiniao_A
33,100,Opiniao_A
34,0,Opiniao_A
34,1,Opiniao_D
34,2,Opiniao_D
34,3,Opiniao_D
34,4,Opiniao_D
34,5,Opiniao_D
34,6,Opiniao_D
34,7,Opiniao_D
34,8,Opiniao_D
34,9,Opiniao_D
34,10,Opiniao_D
34,11,Opiniao_D
34,12,Opiniao_D
34,13,Opiniao_D
34,14,Opiniao_D
34,15,Opiniao_D
34,16,Opiniao_A
34,17,Opiniao_D
34,18,Opiniao_D
34,19,Opiniao_D
34,20,Opiniao_D
34,21,Opiniao_D
34,22,Opiniao_D
34,23,Opiniao_D
34,24,Opiniao_A
34,25,Opiniao_D
34,26,Opiniao_D
34,27,Opiniao_Falsa
34,28,Opiniao_Falsa
34,29,Opiniao_D
34,30,Opiniao_D
34,31,Opiniao_D
34,32,Opiniao_A
34,33,Opiniao_D
34,34,Opiniao_A
34,35,Opiniao_D
34,36,Opiniao_D
34,37,Opiniao_A
34,38,Opiniao_A
34,39,Opiniao_D
34,40,Opiniao_D
34,41,Opiniao_D
34,42,Opiniao_A
34,43,Opiniao_A
34,44,Opiniao_A
34,45,Opiniao_A
34,46,Opiniao_A
34,47,Opiniao_A
34,48,Opiniao_A
34,49,Opiniao_D
34,50,Opiniao_D
34,51,Opiniao_Falsa
34,52,Opiniao_D
34,53,Opiniao_D
34,54,Opiniao_Falsa
34,55,Opiniao_A
34,56,Opiniao_A
34,57,Opiniao_D
34,58,Opiniao_A
34,59,Opiniao_A
34,60,Opiniao_A
34,61,Opiniao_A
34,62,Opiniao_A
34,63,Opiniao_A
34,64,Opiniao_D
34,65,Opiniao_A
34,66,Opiniao_A
34,67,Opiniao_A
34,68,Opiniao_A
34,69,Opiniao_A
34,70,Opiniao_Falsa
34,71,Opiniao_A
34,72,Opiniao_A
34,73,Opiniao_A
34,74,Opiniao_Falsa
34,75,Opiniao_Falsa
34,76,Opiniao_Falsa
34,77,Opiniao_Falsa
34,78,Opiniao_A
34,79,Opiniao_A
34,80,Opiniao_A
34,81,Opiniao_Falsa
34,82,Opiniao_A
34,83,Opiniao_A
34,84,Opiniao_A
34,85,Opiniao_A
34,86,Opiniao_A
34,87,Opiniao_A
34,88,Opiniao_A
34,89,Opiniao_A
34,90,Opiniao_A
34,91,Opiniao_A
34,92,Opiniao_A
34,93,Opiniao_A
34,94,Opiniao_Falsa
34,95,Opiniao_A
34,96,Opiniao_A
34,97,Opiniao_A
34,98,Opiniao_A
34,99,Opiniao_A
34,100,Opiniao_A
35,0,Opiniao_B
35,1,Opiniao_D
35,2,Opiniao_D
35,3,Opiniao_D
35,4,Opiniao_D
35,5,Opiniao_D
35,6,Opiniao_D
35,7,Opiniao_D
35,8,Opiniao_D
35,9,Opiniao_D
35,10,Opiniao_D
35,11,Opiniao_D
35,12,Opiniao_D
35,13,Opiniao_D
35,14,Opiniao_D
35,15,Opiniao_D
35,16,Opiniao_D
35,17,Opiniao_D
35,18,Opiniao_D
35,19,Opiniao_D
35,20,Opiniao_D
35,21,Opiniao_D
35,22,Opiniao_Falsa
35,23,Opiniao_A
35,24,Opiniao_A
35,25,Opiniao_A
35,26,Opiniao_A
35,27,Opiniao_A
35,28,Opiniao_A
35,29,Opiniao_D
35,30,Opiniao_Falsa
35,31,Opiniao_A
35,32,Opiniao_D
35,33,Opiniao_A
35,34,Opiniao_A
35,35,Opiniao_A
35,36,Opiniao_A
35,37,Opiniao_A
35,38,Opiniao_A
35,39,Opiniao_A
35,40,Opiniao_A
35,41,Opiniao_D
35,42,Opiniao_D
35,43,Opiniao_D
35,44,Opiniao_D
35,45,Opiniao_D
35,46,Opiniao_D
35,47,Opiniao_D
35,48,Opiniao_D
35,49,Opiniao_D
35,50,Opiniao_D
35,51,Opiniao_D
35,52,Opiniao_D
35,53,Opiniao_D
35,54,Opiniao_D
35,55,Opiniao_D
35,56,Opiniao_D
35,57,Opiniao_D
35,58,Opiniao_D
35,59,Opiniao_D
35,60,Opiniao_D
35,61,Opiniao_D
35,62,Opiniao_D
35,63,Opiniao_D
35,64,Opiniao_Falsa
35,65,Opiniao_Falsa
35,66,Opiniao_A
35,67,Opiniao_A
35,68,Opiniao_A
35,69,Opiniao_D
35,70,Opiniao_D
35,71,Opiniao_D
35,72,Opiniao_D
35,73,Opiniao_A
35,74,Opiniao_A
35,75,Opiniao_A
35,76,Opiniao_A
35,77,Opiniao_A
35,78,Opiniao_A
35,79,Opiniao_A
35,80,Opiniao_A
35,81,Opiniao_A
35,82,Opiniao_A
35,83,Opiniao_A
35,84,Opiniao_A
35,85,Opiniao_A
35,86,Opiniao_A
35,87,Opiniao_A
35,88,Opiniao_D
35,89,Opiniao_D
35,90,Opiniao_D
35,91,Opiniao_D
35,92,Opiniao_D
35,93,Opiniao_D
35,94,Opiniao_D
35,95,Opiniao_D
35,96,Opiniao_D
35,97,Opiniao_D
35,98,Opiniao_D
35,99,Opiniao_Falsa
35,100,Opiniao_Falsa
36,0,Opiniao_B
36,1,Opiniao_B
36,2,Opiniao_B
36,3,Opiniao_B
36,4,Opiniao_B
36,5,Opiniao_B
36,6,Opiniao_B
36,7,Opiniao_B
36,8,Opiniao_B
36,9,Opiniao_B
36,10,Opiniao_B
36,11,Opiniao_B
36,12,Opiniao_D
36,13,Opiniao_D
36,14,Opiniao_D
36,15,Opiniao_D
36,16,Opiniao_D
36,17,Opiniao_D
36,18,Opiniao_D
36,19,Opiniao_D
36,20,Opiniao_D
36,21,Opiniao_D
36,22,Opiniao_A
36,23,Opiniao_A
36,24,Opiniao_A
36,25,Opiniao_A
36,26,Opiniao_A
36,27,Opiniao_A
36,28,Opiniao_A
36,29,Opiniao_A
36,30,Opiniao_A
36,31,Opiniao_A
36,32,Opiniao_A
36,33,Opiniao_A
36,34,Opiniao_A
36,35,Opiniao_A
36,36,Opiniao_A
36,37,Opiniao_A
36,38,Opiniao_D
36,39,Opiniao_D
36,40,Opiniao_D
36,41,Opiniao_D
36,42,Opiniao_D
36,43,Opiniao_D
36,44,Opiniao_D
36,45,Opiniao_D
36,46,Opiniao_D
36,47,Opiniao_Falsa
36,48,Opiniao_A
36,49,Opiniao_A
36,50,Opiniao_A
36,51,Opiniao_A
36,52,Opiniao_A
36,53,Opiniao_A
36,54,Opiniao_A
36,55,Opiniao_A
36,56,Opiniao_A
36,57,Opiniao_A
36,58,Opiniao_A
36,59,Opiniao_D
36,60,Opiniao_D
36,61,Opiniao_D
36,62,Opiniao_D
36,63,Opiniao_D
36,64,Opiniao_Falsa
36,65,Opiniao_Falsa
36,66,Opiniao_D
36,67,Opiniao_D
36,68,Opiniao_D
36,69,Opiniao_D
36,70,Opiniao_D
36,71,Opiniao_D
36,72,Opiniao_D
36,73,Opiniao_D
36,74,Opiniao_D
36,75,Opiniao_A
36,76,Opiniao_A
36,77,Opiniao_A
36,78,Opiniao_A
36,79,Opiniao_A
36,80,Opiniao_A
36,81,Opiniao_A
36,82,Opiniao_A
36,83,Opiniao_A
36,84,Opiniao_A
36,85,Opiniao_A
36,86,Opiniao_A
36,87,Opiniao_A
36,88,Opiniao_A
36,89,Opiniao_A
36,90,Opiniao_A
36,91,Opiniao_A
36,92,Opiniao_A
36,93,Opiniao_D
36,94,Opiniao_D
36,95,Opiniao_D
36,96,Opiniao_D
36,97,Opiniao_D
36,98,Opiniao_D
36,99,Opiniao_D
36,100,Opiniao_D
37,0,Opiniao_B
37,1,Opiniao_A
37,2,Opiniao_A
37,3,Opiniao_A
37,4,Opiniao_A
37,5,Opiniao_A
37,6,Opiniao_A
37,7,Opiniao_B
37,8,Opiniao_B
37,9,Opiniao_Falsa
37,10,Opiniao_Falsa
37,11,Opiniao_Falsa
37,12,Opiniao_Falsa
37,13,Opiniao_Falsa
37,14,Opiniao_B
37,15,Opiniao_B
37,16,Opiniao_B
37,17,Opiniao_B
37,18,Opiniao_Falsa
37,19,Opiniao_A
37,20,Opiniao_A
37,21,Opiniao_A
37,22,Opiniao_A
37,23,Opiniao_A
37,24,Opiniao_A
37,25,Opiniao_A
37,26,Opiniao_A
37,27,Opiniao_A
37,28,Opiniao_A
37,29,Opiniao_A
37,30,Opiniao_A
37,31,Opiniao_A
37,32,Opiniao_A
37,33,Opiniao_A
37,34,Opiniao_A
37,35,Opiniao_A
37,36,Opiniao_A
37,37,Opiniao_A
37,38,Opiniao_A
37,39,Opiniao_A
37,40,Opiniao_A
37,41,Opiniao_A
37,42,Opiniao_A
37,43,Opiniao_Falsa
37,44,Opiniao_A
37,45,Opiniao_A
37,46,Opiniao_A
37,47,Opiniao_A
37,48,Opiniao_A
37,49,Opiniao_A
37,50,Opiniao_A
37,51,Opiniao_Falsa
37,52,Opiniao_A
37,53,Opiniao_A
37,54,Opiniao_A
37,55,Opiniao_D
37,56,Opiniao_Falsa
37,57,Opiniao_Falsa
37,58,Opiniao_D
37,59,Opiniao_D
37,60,Opiniao_D
37,61,Opiniao_D
37,62,Opiniao_D
37,63,Opiniao_D
37,64,Opiniao_D
37,65,Opiniao_Falsa
37,66,Opiniao_D
37,67,Opiniao_D
37,68,Opiniao_D
37,69,Opiniao_D
37,70,Opiniao_D
37,71,Opiniao_D
37,72,Opiniao_Falsa
37,73,Opiniao_Falsa
37,74,Opiniao_D
37,75,Opiniao_D
37,76,Opiniao_D
37,77,Opiniao_D
37,78,Opiniao_D
37,79,Opiniao_D
37,80,Opiniao_D
37,81,Opiniao_D
37,82,Opiniao_D
37,83,Opiniao_D
37,84,Opiniao_D
37,85,Opiniao_D
37,86,Opiniao_D
37,87,Opiniao_A
37,88,Opiniao_A
37,89,Opiniao_A
37,90,Opiniao_A
37,91,Opiniao_A
37,92,Opiniao_A
37,93,Opiniao_Falsa
37,94,Opiniao_A
37,95,Opiniao_A
37,96,Opiniao_A
37,97,Opiniao_Falsa
37,98,Opiniao_Falsa
37,99,Opiniao_Falsa
37,100,Opiniao_Falsa
38,0,Opiniao_D
38,1,Opiniao_D
38,2,Opiniao_D
38,3,Opiniao_D
38,4,Opiniao_D
38,5,Opiniao_D
38,6,Opiniao_D
38,7,Opiniao_D
38,8,Opiniao_D
38,9,Opiniao_D
38,10,Opiniao_D
38,11,Opiniao_D
38,12,Opiniao_D
38,13,Opiniao_D
38,14,Opiniao_D
38,15,Opiniao_D
38,16,Opiniao_D
38,17,Opiniao_Falsa
38,18,Opiniao_Falsa
38,19,Opiniao_Falsa
38,20,Opiniao_Falsa
38,21,Opiniao_Falsa
38,22,Opiniao_Falsa
38,23,Opiniao_Falsa
38,24,Opiniao_Falsa
38,25,Opiniao_D
38,26,Opiniao_D
38,27,Opiniao_D
38,28,Opiniao_D
38,29,Opiniao_D
38,30,Opiniao_D
38,31,Opiniao_D
38,32,Opiniao_Falsa
38,33,Opiniao_Falsa
38,34,Opiniao_Falsa
38,35,Opiniao_Falsa
38,36,Opiniao_D
38,37,Opiniao_D
38,38,Opiniao_D
38,39,Opiniao_D
38,40,Opiniao_D
38,41,Opiniao_D
38,42,Opiniao_D
38,43,Opiniao_D
38,44,Opiniao_D
38,45,Opiniao_D
38,46,Opiniao_D
38,47,Opiniao_D
38,48,Opiniao_D
38,49,Opiniao_D
38,50,Opiniao_D
38,51,Opiniao_D
38,52,Opiniao_D
38,53,Opiniao_D
38,54,Opiniao_D
38,55,Opiniao_D
38,56,Opiniao_D
38,57,Opiniao_D
38,58,Opiniao_D
38,59,Opiniao_D
38,60,Opiniao_D
38,61,Opiniao_D
38,62,Opiniao_D
38,63,Opiniao_D
38,64,Opiniao_D
38,65,Opiniao_D
38,66,Opiniao_D
38,67,Opiniao_D
38,68,Opiniao_Falsa
38,69,Opiniao_Falsa
38,70,Opiniao_Falsa
38,71,Opiniao_Falsa
38,72,Opiniao_Falsa
38,73,Opiniao_D
38,74,Opiniao_D
38,75,Opiniao_D
38,76,Opiniao_D
38,77,Opiniao_D
38,78,Opiniao_D
38,79,Opiniao_D
38,80,Opiniao_D
38,81,Opiniao_D
38,82,Opiniao_D
38,83,Opiniao_D
38,84,Opiniao_D
38,85,Opiniao_D
38,86,Opiniao_D
38,87,Opiniao_D
38,88,Opiniao_D
38,89,Opiniao_D
38,90,Opiniao_A
38,91,Opiniao_A
38,92,Opiniao_A
38,93,Opiniao_A
38,94,Opiniao_A
38,95,Opiniao_A
38,96,Opiniao_A
38,97,Opiniao_A
38,98,Opiniao_A
38,99,Opiniao_A
38,100,Opiniao_A
39,0,Opiniao_D
39,1,Opiniao_D
39,2,Opiniao_D
39,3,Opiniao_D
39,4,Opiniao_Falsa
39,5,Opiniao_Falsa
39,6,Opiniao_A
39,7,Opiniao_A
39,8,Opiniao_A
39,9,Opiniao_A
39,10,Opiniao_A
39,11,Opiniao_A
39,12,Opiniao_A
39,13,Opiniao_A
39,14,Opiniao_Falsa
39,15,Opiniao_A
39,16,Opiniao_A
39,17,Opiniao_A
39,18,Opiniao_Falsa
39,19,Opiniao_D
39,20,Opiniao_A
39,21,Opiniao_A
39,22,Opiniao_A
39,23,Opiniao_Falsa
39,24,Opiniao_Falsa
39,25,Opiniao_Falsa
39,26,Opiniao_Falsa
39,27,Opiniao_Falsa
39,28,Opiniao_A
39,29,Opiniao_Falsa
39,30,Opiniao_A
39,31,Opiniao_A
39,32,Opiniao_A
39,33,Opiniao_A
39,34,Opiniao_A
39,35,Opiniao_A
39,36,Opiniao_D
39,37,Opiniao_D
39,38,Opiniao_D
39,39,Opiniao_D
39,40,Opiniao_D
39,41,Opiniao_D
39,42,Opiniao_D
39,43,Opiniao_D
39,44,Opiniao_D
39,45,Opiniao_D
39,46,Opiniao_D
39,47,Opiniao_Falsa
39,48,Opiniao_A
39,49,Opiniao_D
39,50,Opiniao_D
39,51,Opiniao_D
39,52,Opiniao_D
39,53,Opiniao_D
39,54,Opiniao_Falsa
39,55,Opiniao_Falsa
39,56,Opiniao_Falsa
39,57,Opiniao_D
39,58,Opiniao_D
39,59,Opiniao_D
39,60,Opiniao_D
39,61,Opiniao_D
39,62,Opiniao_D
39,63,Opiniao_C
39,64,Opiniao_D
39,65,Opiniao_D
39,66,Opiniao_A
39,67,Opiniao_A
39,68,Opiniao_A
39,69,Opiniao_D
39,70,Opiniao_D
39,71,Opiniao_Falsa
39,72,Opiniao_D
39,73,Opiniao_D
39,74,Opiniao_Falsa
39,75,Opiniao_A
39,76,Opiniao_A
39,77,Opiniao_D
39,78,Opiniao_A
39,79,Opiniao_D
39,80,Opiniao_A
39,81,Opiniao_A
39,82,Opiniao_A
39,83,Opiniao_A
39,84,Opiniao_A
39,85,Opiniao_A
39,86,Opiniao_A
39,87,Opiniao_A
39,88,Opiniao_A
39,89,Opiniao_A
39,90,Opiniao_A
39,91,Opiniao_A
39,92,Opiniao_A
39,93,Opiniao_A
39,94,Opiniao_A
39,95,Opiniao_A
39,96,Opiniao_A
39,97,Opiniao_A
39,98,Opiniao_A
39,99,Opiniao_A
39,100,Opiniao_D
40,0,Opiniao_C
40,1,Opiniao_C
40,2,Opiniao_C
40,3,Opiniao_C
40,4,Opiniao_D
40,5,Opiniao_D
40,6,Opiniao_D
40,7,Opiniao_D
40,8,Opiniao_D
40,9,Opiniao_D
40,10,Opiniao_D
40,11,Opiniao_D
40,12,Opiniao_A
40,13,Opiniao_A
40,14,Opiniao_A
40,15,Opiniao_A
40,16,Opiniao_A
40,17,Opiniao_A
40,18,Opiniao_A
40,19,Opiniao_A
40,20,Opiniao_A
40,21,Opiniao_A
40,22,Opiniao_Falsa
40,23,Opiniao_A
40,24,Opiniao_A
40,25,Opiniao_A
40,26,Opiniao_A
40,27,Opiniao_D
40,28,Opiniao_A
40,29,Opiniao_A
40,30,Opiniao_A
40,31,Opiniao_A
40,32,Opiniao_A
40,33,Opiniao_D
40,34,Opiniao_D
40,35,Opiniao_D
40,36,Opiniao_D
40,37,Opiniao_D
40,38,Opiniao_D
40,39,Opiniao_D
40,40,Opiniao_D
40,41,Opiniao_D
40,42,Opiniao_D
40,43,Opiniao_D
40,44,Opiniao_D
40,45,Opiniao_D
40,46,Opiniao_D
40,47,Opiniao_D
40,48,Opiniao_D
40,49,Opiniao_D
40,50,Opiniao_D
40,51,Opiniao_Falsa
40,52,Opiniao_Falsa
40,53,Opiniao_Falsa
40,54,Opiniao_Falsa
40,55,Opiniao_D
40,56,Opiniao_D
40,57,Opiniao_D
40,58,Opiniao_D
40,59,Opiniao_D
40,60,Opiniao_D
40,61,Opiniao_D
40,62,Opiniao_D
40,63,Opiniao_D
40,64,Opiniao_D
40,65,Opiniao_D
40,66,Opiniao_D
40,67,Opiniao_A
40,68,Opiniao_A
40,69,Opiniao_A
40,70,Opiniao_A
40,71,Opiniao_A
40,72,Opiniao_A
40,73,Opiniao_A
40,74,Opiniao_A
40,75,Opiniao_A
40,76,Opiniao_A
40,77,Opiniao_A
40,78,Opiniao_A
40,79,Opiniao_Falsa
40,80,Opiniao_A
40,81,Opiniao_A
40,82,Opiniao_A
40,83,Opiniao_A
40,84,Opiniao_A
40,85,Opiniao_A
40,86,Opiniao_A
40,87,Opiniao_A
40,88,Opiniao_A
40,89,Opiniao_A
40,90,Opiniao_A
40,91,Opiniao_A
40,92,Opiniao_A
40,93,Opiniao_A
40,94,Opiniao_A
40,95,Opiniao_A
40,96,Opiniao_A
40,97,Opiniao_A
40,98,Opiniao_D
40,99,Opiniao_D
40,100,Opiniao_D
41,0,Opiniao_B
41,1,Opiniao_B
41,2,Opiniao_D
41,3,Opiniao_D
41,4,Opiniao_D
41,5,Opiniao_D
41,6,Opiniao_D
41,7,Opiniao_D
41,8,Opiniao_D
41,9,Opiniao_D
41,10,Opiniao_D
41,11,Opiniao_D
41,12,Opiniao_D
41,13,Opiniao_D
41,14,Opiniao_D
41,15,Opiniao_D
41,16,Opiniao_D
41,17,Opiniao_D
41,18,Opiniao_D
41,19,Opiniao_D
41,20,Opiniao_D
41,21,Opiniao_D
41,22,Opiniao_Falsa
41,23,Opiniao_A
41,24,Opiniao_A
41,25,Opiniao_A
41,26,Opiniao_D
41,27,Opiniao_D
41,28,Opiniao_Falsa
41,29,Opiniao_A
41,30,Opiniao_D
41,31,Opiniao_A
41,32,Opiniao_A
41,33,Opiniao_D
41,34,Opiniao_D
41,35,Opiniao_A
41,36,Opiniao_D
41,37,Opiniao_D
41,38,Opiniao_D
41,39,Opiniao_A
41,40,Opiniao_A
41,41,Opiniao_D
41,42,Opiniao_D
41,43,Opiniao_Falsa
41,44,Opiniao_A
41,45,Opiniao_A
41,46,Opiniao_Falsa
41,47,Opiniao_Falsa
41,48,Opiniao_A
41,49,Opiniao_A
41,50,Opiniao_A
41,51,Opiniao_Falsa
41,52,Opiniao_D
41,53,Opiniao_D
41,54,Opiniao_D
41,55,Opiniao_D
41,56,Opiniao_Falsa
41,57,Opiniao_Falsa
41,58,Opiniao_Falsa
41,59,Opiniao_D
41,60,Opiniao_D
41,61,Opiniao_D
41,62,Opiniao_D
41,63,Opiniao_A
41,64,Opiniao_A
41,65,Opiniao_D
41,66,Opiniao_D
41,67,Opiniao_A
41,68,Opiniao_A
41,69,Opiniao_D
41,70,Opiniao_D
41,71,Opiniao_A
41,72,Opiniao_A
41,73,Opiniao_A
41,74,Opiniao_Falsa
41,75,Opiniao_D
41,76,Opiniao_D
41,77,Opiniao_A
41,78,Opiniao_A
41,79,Opiniao_A
41,80,Opiniao_A
41,81,Opiniao_A
41,82,Opiniao_A
41,83,Opiniao_A
41,84,Opiniao_A
41,85,Opiniao_A
41,86,Opiniao_A
41,87,Opiniao_A
41,88,Opiniao_A
41,89,Opiniao_A
41,90,Opiniao_A
41,91,Opiniao_A
41,92,Opiniao_A
41,93,Opiniao_A
41,94,Opiniao_A
41,95,Opiniao_A
41,96,Opiniao_A
41,97,Opiniao_D
41,98,Opiniao_D
41,99,Opiniao_D
41,100,Opiniao_D
42,0,Opiniao_A
42,1,Opiniao_A
42,2,Opiniao_A
42,3,Opiniao_A
42,4,Opiniao_A
42,5,Opiniao_A
42,6,Opiniao_Falsa
42,7,Opiniao_Falsa
42,8,Opiniao_B
42,9,Opiniao_D
42,10,Opiniao_Falsa
42,11,Opiniao_D
42,12,Opiniao_D
42,13,Opiniao_D
42,14,Opiniao_D
42,15,Opiniao_D
42,16,Opiniao_D
42,17,Opiniao_D
42,18,Opiniao_D
42,19,Opiniao_D
42,20,Opiniao_D
42,21,Opiniao_D
42,22,Opiniao_D
42,23,Opiniao_D
42,24,Opiniao_D
42,25,Opiniao_D
42,26,Opiniao_D
42,27,Opiniao_D
42,28,Opiniao_D
42,29,Opiniao_D
42,30,Opiniao_D
42,31,Opiniao_D
42,32,Opiniao_D
42,33,Opiniao_D
42,34,Opiniao_D
42,35,Opiniao_D
42,36,Opiniao_D
42,37,Opiniao_D
42,38,Opiniao_A
42,39,Opiniao_A
42,40,Opiniao_A
42,41,Opiniao_A
42,42,Opiniao_A
42,43,Opiniao_A
42,44,Opiniao_A
42,45,Opiniao_Falsa
42,46,Opiniao_A
42,47,Opiniao_A
42,48,Opiniao_A
42,49,Opiniao_A
42,50,Opiniao_D
42,51,Opiniao_D
42,52,Opiniao_D
42,53,Opiniao_D
42,54,Opiniao_D
42,55,Opiniao_D
42,56,Opiniao_D
42,57,Opiniao_D
42,58,Opiniao_D
42,59,Opiniao_D
42,60,Opiniao_D
42,61,Opiniao_Falsa
42,62,Opiniao_D
42,63,Opiniao_D
42,64,Opiniao_D
42,65,Opiniao_D
42,66,Opiniao_D
42,67,Opiniao_D
42,68,Opiniao_D
42,69,Opiniao_D
42,70,Opiniao_D
42,71,Opiniao_D
42,72,Opiniao_D
42,73,Opiniao_D
42,74,Opiniao_D
42,75,Opiniao_A
42,76,Opiniao_A
42,77,Opiniao_A
42,78,Opiniao_D
42,79,Opiniao_D
42,80,Opiniao_A
42,81,Opiniao_A
42,82,Opiniao_A
42,83,Opiniao_A
42,84,Opiniao_A
42,85,Opiniao_A
42,86,Opiniao_A
42,87,Opiniao_A
42,88,Opiniao_A
42,89,Opiniao_A
42,90,Opiniao_A
42,91,Opiniao_A
42,92,Opiniao_A
42,93,Opiniao_A
42,94,Opiniao_A
42,95,Opiniao_A
42,96,Opiniao_A
42,97,Opiniao_A
42,98,Opiniao_A
42,99,Opiniao_A
42,100,Opiniao_A
43,0,Opiniao_C
43,1,Opiniao_C
43,2,Opiniao_C
43,3,Opiniao_C
43,4,Opiniao_C
43,5,Opiniao_C
43,6,Opiniao_A
43,7,Opiniao_Falsa
43,8,Opiniao_Falsa
43,9,Opiniao_Falsa
43,10,Opiniao_Falsa
43,11,Opiniao_D
43,12,Opiniao_D
43,13,Opiniao_D
43,14,Opiniao_D
43,15,Opiniao_D
43,16,Opiniao_D
43,17,Opiniao_D
43,18,Opiniao_D
43,19,Opiniao_D
43,20,Opiniao_D
43,21,Opiniao_D
43,22,Opiniao_D
43,23,Opiniao_D
43,24,Opiniao_D
43,25,Opiniao_D
43,26,Opiniao_D
43,27,Opiniao_D
43,28,Opiniao_Falsa
43,29,Opiniao_A
43,30,Opiniao_D
43,31,Opiniao_D
43,32,Opiniao_D
43,33,Opiniao_D
43,34,Opiniao_D
43,35,Opiniao_D
43,36,Opiniao_D
43,37,Opiniao_D
43,38,Opiniao_D
43,39,Opiniao_D
43,40,Opiniao_Falsa
43,41,Opiniao_Falsa
43,42,Opiniao_Falsa
43,43,Opiniao_Falsa
43,44,Opiniao_Falsa
43,45,Opiniao_Falsa
43,46,Opiniao_Falsa
43,47,Opiniao_Falsa
43,48,Opiniao_D
43,49,Opiniao_D
43,50,Opiniao_A
43,51,Opiniao_A
43,52,Opiniao_D
43,53,Opiniao_D
43,54,Opiniao_D
43,55,Opiniao_D
43,56,Opiniao_D
43,57,Opiniao_D
43,58,Opiniao_D
43,59,Opiniao_D
43,60,Opiniao_D
43,61,Opiniao_D
43,62,Opiniao_D
43,63,Opiniao_D
43,64,Opiniao_D
43,65,Opiniao_D
43,66,Opiniao_A
43,67,Opiniao_A
43,68,Opiniao_A
43,69,Opiniao_A
43,70,Opiniao_A
43,71,Opiniao_A
43,72,Opiniao_Falsa
43,73,Opiniao_A
43,74,Opiniao_A
43,75,Opiniao_A
43,76,Opiniao_A
43,77,Opiniao_A
43,78,Opiniao_A
43,79,Opiniao_A
43,80,Opiniao_A
43,81,Opiniao_A
43,82,Opiniao_A
43,83,Opiniao_Falsa
43,84,Opiniao_A
43,85,Opiniao_A
43,86,Opiniao_A
43,87,Opiniao_A
43,88,Opiniao_A
43,89,Opiniao_A
43,90,Opiniao_A
43,91,Opiniao_A
43,92,Opiniao_A
43,93,Opiniao_A
43,94,Opiniao_A
43,95,Opiniao_A
43,96,Opiniao_A
43,97,Opiniao_D
43,98,Opiniao_D
43,99,Opiniao_D
43,100,Opiniao_D
44,0,Opiniao_A
44,1,Opiniao_B
44,2,Opiniao_B
44,3,Opiniao_D
44,4,Opiniao_D
44,5,Opiniao_D
44,6,Opiniao_D
44,7,Opiniao_D
44,8,Opiniao_D
44,9,Opiniao_D
44,10,Opiniao_D
44,11,Opiniao_D
44,12,Opiniao_D
44,13,Opiniao_D
44,14,Opiniao_D
44,15,Opiniao_D
44,16,Opiniao_D
44,17,Opiniao_D
44,18,Opiniao_D
44,19,Opiniao_D
44,20,Opiniao_D
44,21,Opiniao_D
44,22,Opiniao_D
44,23,Opiniao_D
44,24,Opiniao_D
44,25,Opiniao_D
44,26,Opiniao_D
44,27,Opiniao_D
44,28,Opiniao_D
44,29,Opiniao_D
44,30,Opiniao_D
44,31,Opiniao_D
44,32,Opiniao_D
44,33,Opiniao_D
44,34,Opiniao_D
44,35,Opiniao_D
44,36,Opiniao_D
44,37,Opiniao_D
44,38,Opiniao_D
44,39,Opiniao_D
44,40,Opiniao_D
44,41,Opiniao_A
44,42,Opiniao_A
44,43,Opiniao_A
44,44,Opiniao_A
44,45,Opiniao_A
44,46,Opiniao_A
44,47,Opiniao_A
44,48,Opiniao_A
44,49,Opiniao_A
44,50,Opiniao_A
44,51,Opiniao_A
44,52,Opiniao_A
44,53,Opiniao_A
44,54,Opiniao_A
44,55,Opiniao_A
44,56,Opiniao_A
44,57,Opiniao_A
44,58,Opiniao_A
44,59,Opiniao_A
44,60,Opiniao_A
44,61,Opiniao_A
44,62,Opiniao_D
44,63,Opiniao_D
44,64,Opiniao_D
44,65,Opiniao_D
44,66,Opiniao_Falsa
44,67,Opiniao_Falsa
44,68,Opiniao_Falsa
44,69,Opiniao_D
44,70,Opiniao_D
44,71,Opiniao_D
44,72,Opiniao_D
44,73,Opiniao_D
44,74,Opiniao_D
44,75,Opiniao_D
44,76,Opiniao_D
44,77,Opiniao_D
44,78,Opiniao_D
44,79,Opiniao_D
44,80,Opiniao_D
44,81,Opiniao_D
44,82,Opiniao_D
44,83,Opiniao_A
44,84,Opiniao_A
44,85,Opiniao_A
44,86,Opiniao_A
44,87,Opiniao_A
44,88,Opiniao_A
44,89,Opiniao_A
44,90,Opiniao_A
44,91,Opiniao_A
44,92,Opiniao_Falsa
44,93,Opiniao_Falsa
44,94,Opiniao_Falsa
44,95,Opiniao_Falsa
44,96,Opiniao_Falsa
44,97,Opiniao_Falsa
44,98,Opiniao_Falsa
44,99,Opiniao_Falsa
44,100,Opiniao_Falsa
45,0,Opiniao_A
45,1,Opiniao_B
45,2,Opiniao_D
45,3,Opiniao_D
45,4,Opiniao_D
45,5,Opiniao_D
45,6,Opiniao_D
45,7,Opiniao_D
45,8,Opiniao_D
45,9,Opiniao_D
45,10,Opiniao_A
45,11,Opiniao_D
45,12,Opiniao_D
45,13,Opiniao_D
45,14,Opiniao_D
45,15,Opiniao_D
45,16,Opiniao_D
45,17,Opiniao_A
45,18,Opiniao_A
45,19,Opiniao_D
45,20,Opiniao_A
45,21,Opiniao_A
45,22,Opiniao_A
45,23,Opiniao_A
45,24,Opiniao_A
45,25,Opiniao_D
45,26,Opiniao_D
45,27,Opiniao_D
45,28,Opiniao_A
45,29,Opiniao_A
45,30,Opiniao_D
45,31,Opiniao_A
45,32,Opiniao_A
45,33,Opiniao_D
45,34,Opiniao_D
45,35,Opiniao_D
45,36,Opiniao_D
45,37,Opiniao_D
45,38,Opiniao_D
45,39,Opiniao_A
45,40,Opiniao_A
45,41,Opiniao_A
45,42,Opiniao_A
45,43,Opiniao_A
45,44,Opiniao_A
45,45,Opiniao_A
45,46,Opiniao_A
45,47,Opiniao_A
45,48,Opiniao_A
45,49,Opiniao_A
45,50,Opiniao_D
45,51,Opiniao_D
45,52,Opiniao_D
45,53,Opiniao_D
45,54,Opiniao_D
45,55,Opiniao_A
45,56,Opiniao_A
45,57,Opiniao_A
45,58,Opiniao_D
45,59,Opiniao_D
45,60,Opiniao_D
45,61,Opiniao_A
45,62,Opiniao_A
45,63,Opiniao_D
45,64,Opiniao_D
45,65,Opiniao_D
45,66,Opiniao_D
45,67,Opiniao_A
45,68,Opiniao_A
45,69,Opiniao_D
45,70,Opiniao_D
45,71,Opiniao_D
45,72,Opiniao_A
45,73,Opiniao_A
45,74,Opiniao_A
45,75,Opiniao_A
45,76,Opiniao_A
45,77,Opiniao_A
45,78,Opiniao_A
45,79,Opiniao_A
45,80,Opiniao_A
45,81,Opiniao_A
45,82,Opiniao_A
45,83,Opiniao_A
45,84,Opiniao_A
45,85,Opiniao_A
45,86,Opiniao_A
45,87,Opiniao_A
45,88,Opiniao_A
45,89,Opiniao_D
45,90,Opiniao_A
45,91,Opiniao_A
45,92,Opiniao_A
45,93,Opiniao_A
45,94,Opiniao_A
45,95,Opiniao_A
45,96,Opiniao_A
45,97,Opiniao_A
45,98,Opiniao_A
45,99,Opiniao_A
45,100,Opiniao_A
46,0,Opiniao_A
46,1,Opiniao_A
46,2,Opiniao_A
46,3,Opiniao_D
46,4,Opiniao_D
46,5,Opiniao_D
46,6,Opiniao_D
46,7,Opiniao_D
46,8,Opiniao_D
46,9,Opiniao_D
46,10,Opiniao_D
46,11,Opiniao_D
46,12,Opiniao_D
46,13,Opiniao_D
46,14,Opiniao_D
46,15,Opiniao_D
46,16,Opiniao_D
46,17,Opiniao_D
46,18,Opiniao_D
46,19,Opiniao_D
46,20,Opiniao_D
46,21,Opiniao_D
46,22,Opiniao_D
46,23,Opiniao_D
46,24,Opiniao_D
46,25,Opiniao_D
46,26,Opiniao_D
46,27,Opiniao_D
46,28,Opiniao_D
46,29,Opiniao_D
46,30,Opiniao_A
46,31,Opiniao_D
46,32,Opiniao_D
46,33,Opiniao_D
46,34,Opiniao_D
46,35,Opiniao_D
46,36,Opiniao_D
46,37,Opiniao_D
46,38,Opiniao_D
46,39,Opiniao_D
46,40,Opiniao_D
46,41,Opiniao_D
46,42,Opiniao_D
46,43,Opiniao_Falsa
46,44,Opiniao_Falsa
46,45,Opiniao_Falsa
46,46,Opiniao_A
46,47,Opiniao_A
46,48,Opiniao_A
46,49,Opiniao_A
46,50,Opiniao_A
46,51,Opiniao_A
46,52,Opiniao_A
46,53,Opiniao_Falsa
46,54,Opiniao_A
46,55,Opiniao_A
46,56,Opiniao_A
46,57,Opiniao_D
46,58,Opiniao_Falsa
46,59,Opiniao_D
46,60,Opiniao_D
46,61,Opiniao_D
46,62,Opiniao_D
46,63,Opiniao_D
46,64,Opiniao_D
46,65,Opiniao_D
46,66,Opiniao_D
46,67,Opiniao_D
46,68,Opiniao_D
46,69,Opiniao_Falsa
46,70,Opiniao_D
46,71,Opiniao_D
46,72,Opiniao_D
46,73,Opiniao_D
46,74,Opiniao_A
46,75,Opiniao_A
46,76,Opiniao_A
46,77,Opiniao_A
46,78,Opiniao_A
46,79,Opiniao_A
46,80,Opiniao_Falsa
46,81,Opiniao_Falsa
46,82,Opiniao_Falsa
46,83,Opiniao_A
46,84,Opiniao_A
46,85,Opiniao_A
46,86,Opiniao_A
46,87,Opiniao_A
46,88,Opiniao_A
46,89,Opiniao_A
46,90,Opiniao_A
46,91,Opiniao_A
46,92,Opiniao_A
46,93,Opiniao_A
46,94,Opiniao_A
46,95,Opiniao_A
46,96,Opiniao_A
46,97,Opiniao_A
46,98,Opiniao_A
46,99,Opiniao_A
46,100,Opiniao_A
47,0,Opiniao_C
47,1,Opiniao_C
47,2,Opiniao_C
47,3,Opiniao_B
47,4,Opiniao_B
47,5,Opiniao_B
47,6,Opiniao_B
47,7,Opiniao_B
47,8,Opiniao_B
47,9,Opiniao_B
47,10,Opiniao_B
47,11,Opiniao_B
47,12,Opiniao_B
47,13,Opiniao_B
47,14,Opiniao_B
47,15,Opiniao_B
47,16,Opiniao_B
47,17,Opiniao_Falsa
47,18,Opiniao_Falsa
47,19,Opiniao_Falsa
47,20,Opiniao_Falsa
47,21,Opiniao_Falsa
47,22,Opiniao_Falsa
47,23,Opiniao_A
47,24,Opiniao_A
47,25,Opiniao_A
47,26,Opiniao_A
47,27,Opiniao_A
47,28,Opiniao_A
47,29,Opiniao_A
47,30,Opiniao_A
47,31,Opiniao_A
47,32,Opiniao_A
47,33,Opiniao_A
47,34,Opiniao_A
47,35,Opiniao_A
47,36,Opiniao_A
47,37,Opiniao_A
47,38,Opiniao_A
47,39,Opiniao_A
47,40,Opiniao_A
47,41,Opiniao_A
47,42,Opiniao_A
47,43,Opiniao_A
47,44,Opiniao_Falsa
47,45,Opiniao_Falsa
47,46,Opiniao_Falsa
47,47,Opiniao_A
47,48,Opiniao_A
47,49,Opiniao_A
47,50,Opiniao_A
47,51,Opiniao_Falsa
47,52,Opiniao_A
47,53,Opiniao_A
47,54,Opiniao_A
47,55,Opiniao_A
47,56,Opiniao_A
47,57,Opiniao_A
47,58,Opiniao_A
47,59,Opiniao_A
47,60,Opiniao_A
47,61,Opiniao_A
47,62,Opiniao_Falsa
47,63,Opiniao_A
47,64,Opiniao_A
47,65,Opiniao_A
47,66,Opiniao_Falsa
47,67,Opiniao_A
47,68,Opiniao_A
47,69,Opiniao_D
47,70,Opiniao_D
47,71,Opiniao_D
47,72,Opiniao_D
47,73,Opiniao_D
47,74,Opiniao_A
47,75,Opiniao_A
47,76,Opiniao_A
47,77,Opiniao_A
47,78,Opiniao_A
47,79,Opiniao_A
47,80,Opiniao_A
47,81,Opiniao_A
47,82,Opiniao_A
47,83,Opiniao_A
47,84,Opiniao_A
47,85,Opiniao_A
47,86,Opiniao_A
47,87,Opiniao_A
47,88,Opiniao_A
47,89,Opiniao_A
47,90,Opiniao_A
47,91,Opiniao_A
47,92,Opiniao_A
47,93,Opiniao_A
47,94,Opiniao_A
47,95,Opiniao_A
47,96,Opiniao_Falsa
47,97,Opiniao_A
47,98,Opiniao_Falsa
47,99,Opiniao_Falsa
47,100,Opiniao_A
48,0,Opiniao_A
48,1,Opiniao_A
48,2,Opiniao_A
48,3,Opiniao_A
48,4,Opiniao_A
48,5,Opiniao_A
48,6,Opiniao_A
48,7,Opiniao_A
48,8,Opiniao_A
48,9,Opiniao_A
48,10,Opiniao_A
48,11,Opiniao_A
48,12,Opiniao_A
48,13,Opiniao_A
48,14,Opiniao_A
48,15,Opiniao_A
48,16,Opiniao_A
48,17,Opiniao_A
48,18,Opiniao_A
48,19,Opiniao_A
48,20,Opiniao_A
48,21,Opiniao_A
48,22,Opiniao_A
48,23,Opiniao_A
48,24,Opiniao_A
48,25,Opiniao_A
48,26,Opiniao_A
48,27,Opiniao_A
48,28,Opiniao_A
48,29,Opiniao_A
48,30,Opiniao_A
48,31,Opiniao_A
48,32,Opiniao_A
48,33,Opiniao_A
48,34,Opiniao_A
48,35,Opiniao_A
48,36,Opiniao_A
48,37,Opiniao_A
48,38,Opiniao_A
48,39,Opiniao_A
48,40,Opiniao_A
48,41,Opiniao_A
48,42,Opiniao_A
48,43,Opiniao_A
48,44,Opiniao_A
48,45,Opiniao_A
48,46,Opiniao_A
48,47,Opiniao_A
48,48,Opiniao_A
48,49,Opiniao_A
48,50,Opiniao_A
48,51,Opiniao_A
48,52,Opiniao_A
48,53,Opiniao_A
48,54,Opiniao_A
48,55,Opiniao_A
48,56,Opiniao_A
48,57,Opiniao_A
48,58,Opiniao_A
48,59,Opiniao_A
48,60,Opiniao_A
48,61,Opiniao_A
48,62,Opiniao_A
48,63,Opiniao_A
48,64,Opiniao_A
48,65,Opiniao_A
48,66,Opiniao_A
48,67,Opiniao_A
48,68,Opiniao_A
48,69,Opiniao_A
48,70,Opiniao_A
48,71,Opiniao_A
48,72,Opiniao_A
48,73,Opiniao_A
48,74,Opiniao_A
48,75,Opiniao_A
48,76,Opiniao_A
48,77,Opiniao_A
48,78,Opiniao_A
48,79,Opiniao_A
48,80,Opiniao_A
48,81,Opiniao_A
48,82,Opiniao_A
48,83,Opiniao_A
48,84,Opiniao_A
48,85,Opiniao_A
48,86,Opiniao_A
48,87,Opiniao_A
48,88,Opiniao_A
48,89,Opiniao_A
48,90,Opiniao_A
48,91,Opiniao_A
48,92,Opiniao_A
48,93,Opiniao_A
48,94,Opiniao_A
48,95,Opiniao_A
48,96,Opiniao_A
48,97,Opiniao_A
48,98,Opiniao_A
48,99,Opiniao_A
48,100,Opiniao_A
49,0,Opiniao_B
49,1,Opiniao_B
49,2,Opiniao_B
49,3,Opiniao_A
49,4,Opiniao_A
49,5,Opiniao_A
49,6,Opiniao_B
49,7,Opiniao_B
49,8,Opiniao_B
49,9,Opiniao_B
49,10,Opiniao_B
49,11,Opiniao_B
49,12,Opiniao_B
49,13,Opiniao_B
49,14,Opiniao_B
49,15,Opiniao_B
49,16,Opiniao_B
49,17,Opiniao_B
49,18,Opiniao_B
49,19,Opiniao_B
49,20,Opiniao_B
49,21,Opiniao_B
49,22,Opiniao_B
49,23,Opiniao_B
49,24,Opiniao_B
49,25,Opiniao_B
49,26,Opiniao_B
49,27,Opiniao_B
49,28,Opiniao_B
49,29,Opiniao_B
49,30,Opiniao_B
49,31,Opiniao_B
49,32,Opiniao_B
49,33,Opiniao_B
49,34,Opiniao_B
49,35,Opiniao_B
49,36,Opiniao_B
49,37,Opiniao_B
49,38,Opiniao_B
49,39,Opiniao_B
49,40,Opiniao_B
49,41,Opiniao_B
49,42,Opiniao_B
49,43,Opiniao_B
49,44,Opiniao_B
49,45,Opiniao_B
49,46,Opiniao_B
49,47,Opiniao_B
49,48,Opiniao_B
49,49,Opiniao_B
49,50,Opiniao_B
49,51,Opiniao_B
49,52,Opiniao_D
49,53,Opiniao_D
49,54,Opiniao_D
49,55,Opiniao_D
49,56,Opiniao_D
49,57,Opiniao_D
49,58,Opiniao_D
49,59,Opiniao_D
49,60,Opiniao_D
49,61,Opiniao_D
49,62,Opiniao_D
49,63,Opiniao_D
49,64,Opiniao_D
49,65,Opiniao_D
49,66,Opiniao_D
49,67,Opiniao_D
49,68,Opiniao_D
49,69,Opiniao_D
49,70,Opiniao_D
49,71,Opiniao_D
49,72,Opiniao_D
49,73,Opiniao_D
49,74,Opiniao_D
49,75,Opiniao_D
49,76,Opiniao_D
49,77,Opiniao_D
49,78,Opiniao_D
49,79,Opiniao_Falsa
49,80,Opiniao_A
49,81,Opiniao_A
49,82,Opiniao_A
49,83,Opiniao_A
49,84,Opiniao_A
49,85,Opiniao_A
49,86,Opiniao_A
49,87,Opiniao_A
49,88,Opiniao_A
49,89,Opiniao_A
49,90,Opiniao_A
49,91,Opiniao_A
49,92,Opiniao_A
49,93,Opiniao_A
49,94,Opiniao_A
49,95,Opiniao_A
49,96,Opiniao_A
49,97,Opiniao_A
49,98,Opiniao_A
49,99,Opiniao_A
49,100,Opiniao_D
50,0,Opiniao_Falsa
50,1,Opiniao_Falsa
50,2,Opiniao_Falsa
50,3,Opiniao_Falsa
50,4,Opiniao_Falsa
50,5,Opiniao_Falsa
50,6,Opiniao_Falsa
50,7,Opiniao_Falsa
50,8,Opiniao_Falsa
50,9,Opiniao_Falsa
50,10,Opiniao_Falsa
50,11,Opiniao_Falsa
50,12,Opiniao_Falsa
50,13,Opiniao_Falsa
50,14,Opiniao_Falsa
50,15,Opiniao_Falsa
50,16,Opiniao_Falsa
50,17,Opiniao_Falsa
50,18,Opiniao_Falsa
50,19,Opiniao_Falsa
50,20,Opiniao_Falsa
50,21,Opiniao_Falsa
50,22,Opiniao_Falsa
50,23,Opiniao_Falsa
50,24,Opiniao_Falsa
50,25,Opiniao_Falsa
50,26,Opiniao_Falsa
50,27,Opiniao_Falsa
50,28,Opiniao_Falsa
50,29,Opiniao_Falsa
50,30,Opiniao_Falsa
50,31,Opiniao_Falsa
50,32,Opiniao_Falsa
50,33,Opiniao_Falsa
50,34,Opiniao_Falsa
50,35,Opiniao_Falsa
50,36,Opiniao_Falsa
50,37,Opiniao_Falsa
50,38,Opiniao_Falsa
50,39,Opiniao_Falsa
50,40,Opiniao_Falsa
50,41,Opiniao_Falsa
50,42,Opiniao_Falsa
50,43,Opiniao_Falsa
50,44,Opiniao_Falsa
50,45,Opiniao_Falsa
50,46,Opiniao_Falsa
50,47,Opiniao_Falsa
50,48,Opiniao_Falsa
50,49,Opiniao_Falsa
50,50,Opiniao_Falsa
50,51,Opiniao_Falsa
50,52,Opiniao_Falsa
50,53,Opiniao_Falsa
50,54,Opiniao_Falsa
50,55,Opiniao_Falsa
50,56,Opiniao_Falsa
50,57,Opiniao_Falsa
50,58,Opiniao_Falsa
50,59,Opiniao_Falsa
50,60,Opiniao_Falsa
50,61,Opiniao_Falsa
50,62,Opiniao_Falsa
50,63,Opiniao_Falsa
50,64,Opiniao_Falsa
50,65,Opiniao_Falsa
50,66,Opiniao_Falsa
50,67,Opiniao_Falsa
50,68,Opiniao_Falsa
50,69,Opiniao_Falsa
50,70,Opiniao_Falsa
50,71,Opiniao_Falsa
50,72,Opiniao_Falsa
50,73,Opiniao_Falsa
50,74,Opiniao_Falsa
50,75,Opiniao_Falsa
50,76,Opiniao_Falsa
50,77,Opiniao_Falsa
50,78,Opiniao_Falsa
50,79,Opiniao_Falsa
50,80,Opiniao_Falsa
50,81,Opiniao_Falsa
50,82,Opiniao_Falsa
50,83,Opiniao_Falsa
50,84,Opiniao_Falsa
50,85,Opiniao_Falsa
50,86,Opiniao_Falsa
50,87,Opiniao_Falsa
50,88,Opiniao_Falsa
50,89,Opiniao_Falsa
50,90,Opiniao_Falsa
50,91,Opiniao_Falsa
50,92,Opiniao_Falsa
50,93,Opiniao_Falsa
50,94,Opiniao_Falsa
50,95,Opiniao_Falsa
50,96,Opiniao_Falsa
50,97,Opiniao_Falsa
50,98,Opiniao_Falsa
50,99,Opiniao_Falsa
50,100,Opiniao_Falsa
